"evidence_ID","neurite_ID","type_ID","original_id","fragment_id","Article_id","priority","conflict_note","unvetted","linking_quote","interpretation_notes","property_type_explanation","pc_flag","soma_pcl_flag","ax_de_pcl_flag","perisomatic_targeting_flag","supplemental_pmids"
1,0,1000,0,1,0,0,"NULL",1,"NULL","NULL","NULL",1,1,0,0,"NULL"
2,0,1000,0,2,0,0,"NULL",1,"NULL","NULL","NULL",1,1,0,0,"NULL"
3,0,1000,0,3,0,0,"NULL",1,"NULL","NULL","NULL",1,1,0,0,"NULL"
4,0,1000,0,4,0,0,"NULL",1,"NULL","NULL","NULL",1,1,0,0,"NULL"
5,0,1000,0,5,0,0,"NULL",1,"NULL","NULL","NULL",1,1,0,0,"NULL"
6,0,1000,0,6,0,0,"NULL",1,"NULL","NULL","NULL",1,1,0,0,"NULL"
7,0,1000,0,7,0,0,"NULL",1,"NULL","NULL","NULL",1,1,0,0,"NULL"
8,0,1000,0,8,0,0,"NULL",1,"NULL","NULL","NULL",1,1,0,0,"NULL"
9,0,1000,0,9,0,0,"NULL",1,"NULL","NULL","NULL",1,1,0,0,"NULL"
10,0,1000,0,10,0,0,"NULL",1,"NULL","NULL","NULL",1,1,0,0,"NULL"
11,0,1000,0,11,0,0,"NULL",1,"NULL","NULL","NULL",1,1,0,0,"NULL"
12,0,1000,0,12,0,0,"NULL",1,"NULL","NULL","NULL",1,1,0,0,"NULL"
13,0,1000,0,13,0,0,"NULL",1,"NULL","NULL","NULL",1,1,0,0,"NULL"
14,0,1000,0,14,0,0,"NULL",1,"NULL","NULL","NULL",1,1,0,0,"NULL"
15,0,1000,0,15,0,0,"NULL",1,"NULL","NULL","NULL",1,1,0,0,"NULL"
16,0,1000,0,16,0,0,"NULL",1,"NULL","NULL","NULL",1,1,0,0,"NULL"
17,0,1000,0,17,0,0,"NULL",1,"NULL","NULL","NULL",1,1,0,0,"NULL"
18,0,1000,0,18,0,0,"NULL",1,"NULL","NULL","NULL",1,1,0,0,"NULL"
19,0,1000,0,19,0,0,"NULL",1,"NULL","NULL","NULL",1,1,0,0,"NULL"
20,0,1000,0,20,0,0,"NULL",1,"NULL","NULL","NULL",1,1,0,0,"NULL"
21,0,1000,0,21,0,0,"NULL",1,"NULL","NULL","NULL",1,1,0,0,"NULL"
22,0,1002,0,22,0,0,"NULL",1,"NULL","NULL","NULL",1,1,0,0,"NULL"
23,0,1002,0,23,0,0,"NULL",1,"NULL","NULL","NULL",1,1,0,0,"NULL"
24,0,1002,0,24,0,0,"NULL",1,"NULL","NULL","NULL",1,1,0,0,"NULL"
25,0,1002,0,25,0,0,"NULL",1,"NULL","NULL","NULL",1,1,0,0,"NULL"
26,0,1002,0,26,0,0,"NULL",1,"NULL","NULL","NULL",1,1,0,0,"NULL"
27,0,1002,0,27,0,0,"NULL",1,"NULL","NULL","NULL",1,1,0,0,"NULL"
28,0,1002,0,28,0,0,"NULL",1,"NULL","NULL","NULL",1,1,0,0,"NULL"
29,0,1002,0,29,0,0,"NULL",1,"NULL","NULL","NULL",1,1,0,0,"NULL"
30,0,1002,0,30,0,0,"NULL",1,"NULL","NULL","NULL",1,1,0,0,"NULL"
31,0,1002,0,31,0,0,"NULL",1,"NULL","NULL","NULL",1,1,0,0,"NULL"
32,0,1002,0,32,0,0,"NULL",1,"NULL","NULL","NULL",1,1,0,0,"NULL"
33,0,1002,0,33,0,0,"NULL",1,"NULL","NULL","NULL",1,1,0,0,"NULL"
34,0,1002,0,34,0,0,"NULL",1,"NULL","NULL","NULL",1,1,0,0,"NULL"
35,0,1002,0,35,0,0,"NULL",1,"NULL","NULL","NULL",1,1,0,0,"NULL"
36,0,1002,0,36,0,0,"NULL",1,"NULL","NULL","NULL",1,1,0,0,"NULL"
37,0,2000,0,37,0,0,"NULL",1,"NULL","NULL","NULL",1,1,0,0,"NULL"
38,0,2000,0,38,0,0,"NULL",1,"NULL","NULL","NULL",1,1,0,0,"NULL"
39,0,2000,0,39,0,0,"NULL",1,"NULL","NULL","NULL",1,1,0,0,"NULL"
40,0,2000,0,40,0,0,"NULL",1,"NULL","NULL","NULL",1,1,0,0,"NULL"
41,0,2000,0,41,0,0,"NULL",1,"NULL","NULL","NULL",1,1,0,0,"NULL"
42,0,2000,0,42,0,0,"NULL",1,"NULL","NULL","NULL",1,1,0,0,"NULL"
43,0,2000,0,43,0,0,"NULL",1,"NULL","NULL","NULL",1,1,0,0,"NULL"
44,0,2000,0,44,0,0,"NULL",1,"NULL","NULL","NULL",1,1,0,0,"NULL"
45,0,2000,0,45,0,0,"NULL",1,"NULL","NULL","NULL",1,1,0,0,"NULL"
46,0,2000,0,46,0,0,"NULL",1,"NULL","NULL","NULL",1,1,0,0,"NULL"
47,0,2000,0,47,0,0,"NULL",1,"NULL","NULL","NULL",1,1,0,0,"NULL"
48,0,2000,0,48,0,0,"NULL",1,"NULL","NULL","NULL",1,1,0,0,"NULL"
49,0,2000,0,49,0,0,"NULL",1,"NULL","NULL","NULL",1,1,0,0,"NULL"
50,0,2000,0,50,0,0,"NULL",1,"NULL","NULL","NULL",1,1,0,0,"NULL"
51,0,2000,0,51,0,0,"NULL",1,"NULL","NULL","NULL",1,1,0,0,"NULL"
52,0,2000,0,52,0,0,"NULL",1,"NULL","NULL","NULL",1,1,0,0,"NULL"
53,0,2000,0,53,0,0,"NULL",1,"NULL","NULL","NULL",1,1,0,0,"NULL"
54,0,2000,0,54,0,0,"NULL",1,"NULL","NULL","NULL",1,1,0,0,"NULL"
55,0,2000,0,55,0,0,"NULL",1,"NULL","NULL","NULL",1,1,0,0,"NULL"
56,0,2000,0,56,0,0,"NULL",1,"NULL","NULL","NULL",1,1,0,0,"NULL"
57,0,2000,0,57,0,0,"NULL",1,"NULL","NULL","NULL",1,1,0,0,"NULL"
58,0,2000,0,58,0,0,"NULL",1,"NULL","NULL","NULL",1,1,0,0,"NULL"
59,0,2000,0,59,0,0,"NULL",1,"NULL","NULL","NULL",1,1,0,0,"NULL"
60,0,2000,0,60,0,0,"NULL",1,"NULL","NULL","NULL",1,1,0,0,"NULL"
61,0,2000,0,61,0,0,"NULL",1,"NULL","NULL","NULL",1,1,0,0,"NULL"
62,0,2000,0,62,0,0,"NULL",1,"NULL","NULL","NULL",1,1,0,0,"NULL"
63,0,2000,0,63,0,0,"NULL",1,"NULL","NULL","NULL",1,1,0,0,"NULL"
64,0,2000,0,64,0,0,"NULL",1,"NULL","NULL","NULL",1,1,0,0,"NULL"
65,0,2000,0,65,0,0,"NULL",1,"NULL","NULL","NULL",1,1,0,0,"NULL"
66,0,2000,0,66,0,0,"NULL",1,"NULL","NULL","NULL",1,1,0,0,"NULL"
67,0,2000,0,67,0,0,"NULL",1,"NULL","NULL","NULL",1,1,0,0,"NULL"
68,0,2000,0,68,0,0,"NULL",1,"NULL","NULL","NULL",1,1,0,0,"NULL"
69,0,2000,0,69,0,0,"NULL",1,"NULL","NULL","NULL",1,1,0,0,"NULL"
70,0,2000,0,70,0,0,"NULL",1,"NULL","NULL","NULL",1,1,0,0,"NULL"
71,0,2000,0,71,0,0,"NULL",1,"NULL","NULL","NULL",1,1,0,0,"NULL"
72,0,2000,0,72,0,0,"NULL",1,"NULL","NULL","NULL",1,1,0,0,"NULL"
73,0,2000,0,73,0,0,"NULL",1,"NULL","NULL","NULL",1,1,0,0,"NULL"
74,0,2000,0,74,0,0,"NULL",1,"NULL","NULL","NULL",1,1,0,0,"NULL"
75,0,2004,0,75,0,0,"NULL",1,"NULL","NULL","NULL",1,1,0,0,"NULL"
76,0,2004,0,76,0,0,"NULL",1,"NULL","NULL","NULL",1,1,0,0,"NULL"
77,0,2004,0,77,0,0,"NULL",1,"NULL","NULL","NULL",1,1,0,0,"NULL"
78,0,2004,0,78,0,0,"NULL",1,"NULL","NULL","NULL",1,1,0,0,"NULL"
79,0,2004,0,79,0,0,"NULL",1,"NULL","NULL","NULL",1,1,0,0,"NULL"
80,0,2004,0,80,0,0,"NULL",1,"NULL","NULL","NULL",1,1,0,0,"NULL"
81,0,2004,0,81,0,0,"NULL",1,"NULL","NULL","NULL",1,1,0,0,"NULL"
82,0,2004,0,82,0,0,"NULL",1,"NULL","NULL","NULL",1,1,0,0,"NULL"
83,0,2004,0,83,0,0,"NULL",1,"NULL","NULL","NULL",1,1,0,0,"NULL"
84,0,2004,0,84,0,0,"NULL",1,"NULL","NULL","NULL",1,1,0,0,"NULL"
85,0,2004,0,85,0,0,"NULL",1,"NULL","NULL","NULL",1,1,0,0,"NULL"
86,0,2004,0,86,0,0,"NULL",1,"NULL","NULL","NULL",1,1,0,0,"NULL"
87,0,2004,0,87,0,0,"NULL",1,"NULL","NULL","NULL",1,1,0,0,"NULL"
88,0,2004,0,88,0,0,"NULL",1,"NULL","NULL","NULL",1,1,0,0,"NULL"
89,0,2004,0,89,0,0,"NULL",1,"NULL","NULL","NULL",1,1,0,0,"NULL"
90,0,2004,0,90,0,0,"NULL",1,"NULL","NULL","NULL",1,1,0,0,"NULL"
91,0,2000,0,91,0,0,"NULL",1,"NULL","NULL","NULL",1,1,0,0,"NULL"
92,0,2000,0,92,0,0,"NULL",1,"NULL","NULL","NULL",1,1,0,0,"NULL"
93,0,2000,0,93,0,0,"NULL",1,"NULL","NULL","NULL",1,1,0,0,"NULL"
94,0,2000,0,94,0,0,"NULL",1,"NULL","NULL","NULL",1,1,0,0,"NULL"
95,0,2000,0,95,0,0,"NULL",1,"NULL","NULL","NULL",1,1,0,0,"NULL"
96,0,2000,0,96,0,0,"NULL",1,"NULL","NULL","NULL",1,1,0,0,"NULL"
97,0,2000,0,97,0,0,"NULL",1,"NULL","NULL","NULL",1,1,0,0,"NULL"
98,0,2004,0,98,0,0,"NULL",1,"NULL","NULL","NULL",1,1,0,0,"NULL"
99,0,2004,0,99,0,0,"NULL",1,"NULL","NULL","NULL",1,1,0,0,"NULL"
100,0,2004,0,100,0,0,"NULL",1,"NULL","NULL","NULL",1,1,0,0,"NULL"
101,0,2004,0,101,0,0,"NULL",1,"NULL","NULL","NULL",1,1,0,0,"NULL"
102,0,2004,0,102,0,0,"NULL",1,"NULL","NULL","NULL",1,1,0,0,"NULL"
103,0,2004,0,103,0,0,"NULL",1,"NULL","NULL","NULL",1,1,0,0,"NULL"
104,0,2004,0,104,0,0,"NULL",1,"NULL","NULL","NULL",1,1,0,0,"NULL"
105,0,2028,0,105,0,0,"NULL",1,"NULL","NULL","NULL",1,1,0,0,"NULL"
106,0,2028,0,106,0,0,"NULL",1,"NULL","NULL","NULL",1,1,0,0,"NULL"
107,0,2028,0,107,0,0,"NULL",1,"NULL","NULL","NULL",1,1,0,0,"NULL"
108,0,2028,0,108,0,0,"NULL",1,"NULL","NULL","NULL",1,1,0,0,"NULL"
109,0,2028,0,109,0,0,"NULL",1,"NULL","NULL","NULL",1,1,0,0,"NULL"
110,0,2028,0,110,0,0,"NULL",1,"NULL","NULL","NULL",1,1,0,0,"NULL"
111,0,2028,0,111,0,0,"NULL",1,"NULL","NULL","NULL",1,1,0,0,"NULL"
112,0,2028,0,112,0,0,"NULL",1,"NULL","NULL","NULL",1,1,0,0,"NULL"
113,0,2028,0,113,0,0,"NULL",1,"NULL","NULL","NULL",1,1,0,0,"NULL"
114,0,2028,0,114,0,0,"NULL",1,"NULL","NULL","NULL",1,1,0,0,"NULL"
115,0,2028,0,115,0,0,"NULL",1,"NULL","NULL","NULL",1,1,0,0,"NULL"
116,0,2028,0,116,0,0,"NULL",1,"NULL","NULL","NULL",1,1,0,0,"NULL"
117,0,2028,0,117,0,0,"NULL",1,"NULL","NULL","NULL",1,1,0,0,"NULL"
118,0,2028,0,118,0,0,"NULL",1,"NULL","NULL","NULL",1,1,0,0,"NULL"
119,0,2028,0,119,0,0,"NULL",1,"NULL","NULL","NULL",1,1,0,0,"NULL"
120,0,2028,0,120,0,0,"NULL",1,"NULL","NULL","NULL",1,1,0,0,"NULL"
121,0,2028,0,121,0,0,"NULL",1,"NULL","NULL","NULL",1,1,0,0,"NULL"
122,0,2028,0,122,0,0,"NULL",1,"NULL","NULL","NULL",1,1,0,0,"NULL"
123,0,2028,0,123,0,0,"NULL",1,"NULL","NULL","NULL",1,1,0,0,"NULL"
124,0,2028,0,124,0,0,"NULL",1,"NULL","NULL","NULL",1,1,0,0,"NULL"
125,0,2028,0,125,0,0,"NULL",1,"NULL","NULL","NULL",1,1,0,0,"NULL"
126,0,2028,0,126,0,0,"NULL",1,"NULL","NULL","NULL",1,1,0,0,"NULL"
127,0,2028,0,127,0,0,"NULL",1,"NULL","NULL","NULL",1,1,0,0,"NULL"
128,0,2028,0,128,0,0,"NULL",1,"NULL","NULL","NULL",1,1,0,0,"NULL"
129,0,2028,0,129,0,0,"NULL",1,"NULL","NULL","NULL",1,1,0,0,"NULL"
130,0,2028,0,130,0,0,"NULL",1,"NULL","NULL","NULL",1,1,0,0,"NULL"
131,0,2028,0,131,0,0,"NULL",1,"NULL","NULL","NULL",1,1,0,0,"NULL"
132,0,2028,0,132,0,0,"NULL",1,"NULL","NULL","NULL",1,1,0,0,"NULL"
133,0,2028,0,133,0,0,"NULL",1,"NULL","NULL","NULL",1,1,0,0,"NULL"
134,0,2028,0,134,0,0,"NULL",1,"NULL","NULL","NULL",1,1,0,0,"NULL"
135,0,2028,0,135,0,0,"NULL",1,"NULL","NULL","NULL",1,1,0,0,"NULL"
136,0,2028,0,136,0,0,"NULL",1,"NULL","NULL","NULL",1,1,0,0,"NULL"
137,0,2028,0,137,0,0,"NULL",1,"NULL","NULL","NULL",1,1,0,0,"NULL"
138,0,2028,0,138,0,0,"NULL",1,"NULL","NULL","NULL",1,1,0,0,"NULL"
139,0,2043,0,139,0,0,"NULL",1,"NULL","NULL","NULL",1,1,0,0,"NULL"
140,0,2043,0,140,0,0,"NULL",1,"NULL","NULL","NULL",1,1,0,0,"NULL"
141,0,2043,0,141,0,0,"NULL",1,"NULL","NULL","NULL",1,1,0,0,"NULL"
142,0,2043,0,142,0,0,"NULL",1,"NULL","NULL","NULL",1,1,0,0,"NULL"
143,0,2043,0,143,0,0,"NULL",1,"NULL","NULL","NULL",1,1,0,0,"NULL"
144,0,2044,0,144,0,0,"NULL",1,"NULL","NULL","NULL",1,1,0,0,"NULL"
145,0,2044,0,145,0,0,"NULL",1,"NULL","NULL","NULL",1,1,0,0,"NULL"
146,0,2044,0,146,0,0,"NULL",1,"NULL","NULL","NULL",1,1,0,0,"NULL"
147,0,2044,0,147,0,0,"NULL",1,"NULL","NULL","NULL",1,1,0,0,"NULL"
148,0,2044,0,148,0,0,"NULL",1,"NULL","NULL","NULL",1,1,0,0,"NULL"
149,0,2044,0,149,0,0,"NULL",1,"NULL","NULL","NULL",1,1,0,0,"NULL"
150,0,2044,0,150,0,0,"NULL",1,"NULL","NULL","NULL",1,1,0,0,"NULL"
151,0,2044,0,151,0,0,"NULL",1,"NULL","NULL","NULL",1,1,0,0,"NULL"
152,0,2044,0,152,0,0,"NULL",1,"NULL","NULL","NULL",1,1,0,0,"NULL"
153,0,2044,0,153,0,0,"NULL",1,"NULL","NULL","NULL",1,1,0,0,"NULL"
154,0,2044,0,154,0,0,"NULL",1,"NULL","NULL","NULL",1,1,0,0,"NULL"
155,0,2044,0,155,0,0,"NULL",1,"NULL","NULL","NULL",1,1,0,0,"NULL"
156,0,2044,0,156,0,0,"NULL",1,"NULL","NULL","NULL",1,1,0,0,"NULL"
157,0,2049,0,157,0,0,"NULL",1,"NULL","NULL","NULL",1,1,0,0,"NULL"
158,0,2049,0,158,0,0,"NULL",1,"NULL","NULL","NULL",1,1,0,0,"NULL"
159,0,2049,0,159,0,0,"NULL",1,"NULL","NULL","NULL",1,1,0,0,"NULL"
160,0,2049,0,160,0,0,"NULL",1,"NULL","NULL","NULL",1,1,0,0,"NULL"
161,0,3000,0,161,0,0,"NULL",1,"NULL","NULL","NULL",1,1,0,0,"NULL"
162,0,3000,0,162,0,0,"NULL",1,"NULL","NULL","NULL",1,1,0,0,"NULL"
163,0,3000,0,163,0,0,"NULL",1,"NULL","NULL","NULL",1,1,0,0,"NULL"
164,0,3000,0,164,0,0,"NULL",1,"NULL","NULL","NULL",1,1,0,0,"NULL"
165,0,3000,0,165,0,0,"NULL",1,"NULL","NULL","NULL",1,1,0,0,"NULL"
166,0,3000,0,166,0,0,"NULL",1,"NULL","NULL","NULL",1,1,0,0,"NULL"
167,0,3000,0,167,0,0,"NULL",1,"NULL","NULL","NULL",1,1,0,0,"NULL"
168,0,3000,0,168,0,0,"NULL",1,"NULL","NULL","NULL",1,1,0,0,"NULL"
169,0,3000,0,169,0,0,"NULL",1,"NULL","NULL","NULL",1,1,0,0,"NULL"
170,0,3000,0,170,0,0,"NULL",1,"NULL","NULL","NULL",1,1,0,0,"NULL"
171,0,3000,0,171,0,0,"NULL",1,"NULL","NULL","NULL",1,1,0,0,"NULL"
172,0,3000,0,172,0,0,"NULL",1,"NULL","NULL","NULL",1,1,0,0,"NULL"
173,0,3000,0,173,0,0,"NULL",1,"NULL","NULL","NULL",1,1,0,0,"NULL"
174,0,3000,0,174,0,0,"NULL",1,"NULL","NULL","NULL",1,1,0,0,"NULL"
175,0,3000,0,175,0,0,"NULL",1,"NULL","NULL","NULL",1,1,0,0,"NULL"
176,0,3000,0,176,0,0,"NULL",1,"NULL","NULL","NULL",1,1,0,0,"NULL"
177,0,3000,0,177,0,0,"NULL",1,"NULL","NULL","NULL",1,1,0,0,"NULL"
178,0,3000,0,178,0,0,"NULL",1,"NULL","NULL","NULL",1,1,0,0,"NULL"
179,0,3000,0,179,0,0,"NULL",1,"NULL","NULL","NULL",1,1,0,0,"NULL"
180,0,3000,0,180,0,0,"NULL",1,"NULL","NULL","NULL",1,1,0,0,"NULL"
181,0,3000,0,181,0,0,"NULL",1,"NULL","NULL","NULL",1,1,0,0,"NULL"
182,0,3000,0,182,0,0,"NULL",1,"NULL","NULL","NULL",1,1,0,0,"NULL"
183,0,3000,0,183,0,0,"NULL",1,"NULL","NULL","NULL",1,1,0,0,"NULL"
184,0,3000,0,184,0,0,"NULL",1,"NULL","NULL","NULL",1,1,0,0,"NULL"
185,0,3000,0,185,0,0,"NULL",1,"NULL","NULL","NULL",1,1,0,0,"NULL"
186,0,3000,0,186,0,0,"NULL",1,"NULL","NULL","NULL",1,1,0,0,"NULL"
187,0,4000,0,187,0,0,"NULL",1,"NULL","NULL","NULL",1,1,0,0,"NULL"
188,0,4000,0,188,0,0,"NULL",1,"NULL","NULL","NULL",1,1,0,0,"NULL"
189,0,4000,0,189,0,0,"NULL",1,"NULL","NULL","NULL",1,1,0,0,"NULL"
190,0,4000,0,190,0,0,"NULL",1,"NULL","NULL","NULL",1,1,0,0,"NULL"
191,0,4000,0,191,0,0,"NULL",1,"NULL","NULL","NULL",1,1,0,0,"NULL"
192,0,4000,0,192,0,0,"NULL",1,"NULL","NULL","NULL",1,1,0,0,"NULL"
193,0,4000,0,193,0,0,"NULL",1,"NULL","NULL","NULL",1,1,0,0,"NULL"
194,0,4000,0,194,0,0,"NULL",1,"NULL","NULL","NULL",1,1,0,0,"NULL"
195,0,4000,0,195,0,0,"NULL",1,"NULL","NULL","NULL",1,1,0,0,"NULL"
196,0,4000,0,196,0,0,"NULL",1,"NULL","NULL","NULL",1,1,0,0,"NULL"
197,0,4000,0,197,0,0,"NULL",1,"NULL","NULL","NULL",1,1,0,0,"NULL"
198,0,4000,0,198,0,0,"NULL",1,"NULL","NULL","NULL",1,1,0,0,"NULL"
199,0,4000,0,199,0,0,"NULL",1,"NULL","NULL","NULL",1,1,0,0,"NULL"
200,0,4000,0,200,0,0,"NULL",1,"NULL","NULL","NULL",1,1,0,0,"NULL"
201,0,4000,0,201,0,0,"NULL",1,"NULL","NULL","NULL",1,1,0,0,"NULL"
202,0,4000,0,202,0,0,"NULL",1,"NULL","NULL","NULL",1,1,0,0,"NULL"
203,0,4000,0,203,0,0,"NULL",1,"NULL","NULL","NULL",1,1,0,0,"NULL"
204,0,4000,0,204,0,0,"NULL",1,"NULL","NULL","NULL",1,1,0,0,"NULL"
205,0,4000,0,205,0,0,"NULL",1,"NULL","NULL","NULL",1,1,0,0,"NULL"
206,0,4000,0,206,0,0,"NULL",1,"NULL","NULL","NULL",1,1,0,0,"NULL"
207,0,4000,0,207,0,0,"NULL",1,"NULL","NULL","NULL",1,1,0,0,"NULL"
208,0,4000,0,208,0,0,"NULL",1,"NULL","NULL","NULL",1,1,0,0,"NULL"
209,0,4000,0,209,0,0,"NULL",1,"NULL","NULL","NULL",1,1,0,0,"NULL"
210,0,4000,0,210,0,0,"NULL",1,"NULL","NULL","NULL",1,1,0,0,"NULL"
211,0,4000,0,211,0,0,"NULL",1,"NULL","NULL","NULL",1,1,0,0,"NULL"
212,0,4000,0,212,0,0,"NULL",1,"NULL","NULL","NULL",1,1,0,0,"NULL"
213,0,4000,0,213,0,0,"NULL",1,"NULL","NULL","NULL",1,1,0,0,"NULL"
214,0,4000,0,214,0,0,"NULL",1,"NULL","NULL","NULL",1,1,0,0,"NULL"
215,0,4000,0,215,0,0,"NULL",1,"NULL","NULL","NULL",1,1,0,0,"NULL"
216,0,4000,0,216,0,0,"NULL",1,"NULL","NULL","NULL",1,1,0,0,"NULL"
217,0,4000,0,217,0,0,"NULL",1,"NULL","NULL","NULL",1,1,0,0,"NULL"
218,0,4000,0,218,0,0,"NULL",1,"NULL","NULL","NULL",1,1,0,0,"NULL"
219,0,4000,0,219,0,0,"NULL",1,"NULL","NULL","NULL",1,1,0,0,"NULL"
220,0,4000,0,220,0,0,"NULL",1,"NULL","NULL","NULL",1,1,0,0,"NULL"
221,0,4000,0,221,0,0,"NULL",1,"NULL","NULL","NULL",1,1,0,0,"NULL"
222,0,4000,0,222,0,0,"NULL",1,"NULL","NULL","NULL",1,1,0,0,"NULL"
223,0,4000,0,223,0,0,"NULL",1,"NULL","NULL","NULL",1,1,0,0,"NULL"
224,0,4000,0,224,0,0,"NULL",1,"NULL","NULL","NULL",1,1,0,0,"NULL"
225,0,4000,0,225,0,0,"NULL",1,"NULL","NULL","NULL",1,1,0,0,"NULL"
226,0,4000,0,226,0,0,"NULL",1,"NULL","NULL","NULL",1,1,0,0,"NULL"
227,0,4000,0,227,0,0,"NULL",1,"NULL","NULL","NULL",1,1,0,0,"NULL"
228,0,4000,0,228,0,0,"NULL",1,"NULL","NULL","NULL",1,1,0,0,"NULL"
229,0,4000,0,229,0,0,"NULL",1,"NULL","NULL","NULL",1,1,0,0,"NULL"
230,0,4000,0,230,0,0,"NULL",1,"NULL","NULL","NULL",1,1,0,0,"NULL"
231,0,4000,0,231,0,0,"NULL",1,"NULL","NULL","NULL",1,1,0,0,"NULL"
232,0,4000,0,232,0,0,"NULL",1,"NULL","NULL","NULL",1,1,0,0,"NULL"
233,0,4000,0,233,0,0,"NULL",1,"NULL","NULL","NULL",1,1,0,0,"NULL"
234,0,4000,0,234,0,0,"NULL",1,"NULL","NULL","NULL",1,1,0,0,"NULL"
235,0,4000,0,235,0,0,"NULL",1,"NULL","NULL","NULL",1,1,0,0,"NULL"
236,0,4000,0,236,0,0,"NULL",1,"NULL","NULL","NULL",1,1,0,0,"NULL"
237,0,4000,0,237,0,0,"NULL",1,"NULL","NULL","NULL",1,1,0,0,"NULL"
238,0,4000,0,238,0,0,"NULL",1,"NULL","NULL","NULL",1,1,0,0,"NULL"
239,0,4000,0,239,0,0,"NULL",1,"NULL","NULL","NULL",1,1,0,0,"NULL"
240,0,4000,0,240,0,0,"NULL",1,"NULL","NULL","NULL",1,1,0,0,"NULL"
241,0,4000,0,241,0,0,"NULL",1,"NULL","NULL","NULL",1,1,0,0,"NULL"
242,0,4000,0,242,0,0,"NULL",1,"NULL","NULL","NULL",1,1,0,0,"NULL"
243,0,4098,0,243,0,0,"NULL",1,"NULL","NULL","NULL",1,1,0,0,"NULL"
244,0,4098,0,244,0,0,"NULL",1,"NULL","NULL","NULL",1,1,0,0,"NULL"
245,0,4098,0,245,0,0,"NULL",1,"NULL","NULL","NULL",1,1,0,0,"NULL"
246,0,4098,0,246,0,0,"NULL",1,"NULL","NULL","NULL",1,1,0,0,"NULL"
247,0,4098,0,247,0,0,"NULL",1,"NULL","NULL","NULL",1,1,0,0,"NULL"
248,0,4098,0,248,0,0,"NULL",1,"NULL","NULL","NULL",1,1,0,0,"NULL"
249,0,4098,0,249,0,0,"NULL",1,"NULL","NULL","NULL",1,1,0,0,"NULL"
250,0,4098,0,250,0,0,"NULL",1,"NULL","NULL","NULL",1,1,0,0,"NULL"
251,0,4098,0,251,0,0,"NULL",1,"NULL","NULL","NULL",1,1,0,0,"NULL"
252,0,4098,0,252,0,0,"NULL",1,"NULL","NULL","NULL",1,1,0,0,"NULL"
253,0,4098,0,253,0,0,"NULL",1,"NULL","NULL","NULL",1,1,0,0,"NULL"
254,0,4098,0,254,0,0,"NULL",1,"NULL","NULL","NULL",1,1,0,0,"NULL"
255,0,4098,0,255,0,0,"NULL",1,"NULL","NULL","NULL",1,1,0,0,"NULL"
256,0,4098,0,256,0,0,"NULL",1,"NULL","NULL","NULL",1,1,0,0,"NULL"
257,0,4098,0,257,0,0,"NULL",1,"NULL","NULL","NULL",1,1,0,0,"NULL"
258,0,4098,0,258,0,0,"NULL",1,"NULL","NULL","NULL",1,1,0,0,"NULL"
259,0,4098,0,259,0,0,"NULL",1,"NULL","NULL","NULL",1,1,0,0,"NULL"
260,0,4098,0,260,0,0,"NULL",1,"NULL","NULL","NULL",1,1,0,0,"NULL"
261,0,4098,0,261,0,0,"NULL",1,"NULL","NULL","NULL",1,1,0,0,"NULL"
262,0,4098,0,262,0,0,"NULL",1,"NULL","NULL","NULL",1,1,0,0,"NULL"
263,0,4098,0,263,0,0,"NULL",1,"NULL","NULL","NULL",1,1,0,0,"NULL"
264,0,4098,0,264,0,0,"NULL",1,"NULL","NULL","NULL",1,1,0,0,"NULL"
265,0,4098,0,265,0,0,"NULL",1,"NULL","NULL","NULL",1,1,0,0,"NULL"
266,0,4098,0,266,0,0,"NULL",1,"NULL","NULL","NULL",1,1,0,0,"NULL"
267,0,4098,0,267,0,0,"NULL",1,"NULL","NULL","NULL",1,1,0,0,"NULL"
268,0,4098,0,268,0,0,"NULL",1,"NULL","NULL","NULL",1,1,0,0,"NULL"
269,0,4098,0,269,0,0,"NULL",1,"NULL","NULL","NULL",1,1,0,0,"NULL"
270,0,4098,0,270,0,0,"NULL",1,"NULL","NULL","NULL",1,1,0,0,"NULL"
271,0,4098,0,271,0,0,"NULL",1,"NULL","NULL","NULL",1,1,0,0,"NULL"
272,0,4098,0,272,0,0,"NULL",1,"NULL","NULL","NULL",1,1,0,0,"NULL"
273,0,4098,0,273,0,0,"NULL",1,"NULL","NULL","NULL",1,1,0,0,"NULL"
274,0,4098,0,274,0,0,"NULL",1,"NULL","NULL","NULL",1,1,0,0,"NULL"
275,0,4098,0,275,0,0,"NULL",1,"NULL","NULL","NULL",1,1,0,0,"NULL"
276,0,4098,0,276,0,0,"NULL",1,"NULL","NULL","NULL",1,1,0,0,"NULL"
277,0,4098,0,277,0,0,"NULL",1,"NULL","NULL","NULL",1,1,0,0,"NULL"
278,0,4098,0,278,0,0,"NULL",1,"NULL","NULL","NULL",1,1,0,0,"NULL"
279,0,4098,0,279,0,0,"NULL",1,"NULL","NULL","NULL",1,1,0,0,"NULL"
280,0,4098,0,280,0,0,"NULL",1,"NULL","NULL","NULL",1,1,0,0,"NULL"
281,0,4098,0,281,0,0,"NULL",1,"NULL","NULL","NULL",1,1,0,0,"NULL"
282,0,4098,0,282,0,0,"NULL",1,"NULL","NULL","NULL",1,1,0,0,"NULL"
283,0,4098,0,283,0,0,"NULL",1,"NULL","NULL","NULL",1,1,0,0,"NULL"
284,0,4098,0,284,0,0,"NULL",1,"NULL","NULL","NULL",1,1,0,0,"NULL"
285,0,4098,0,285,0,0,"NULL",1,"NULL","NULL","NULL",1,1,0,0,"NULL"
286,0,4098,0,286,0,0,"NULL",1,"NULL","NULL","NULL",1,1,0,0,"NULL"
287,0,4098,0,287,0,0,"NULL",1,"NULL","NULL","NULL",1,1,0,0,"NULL"
288,0,4098,0,288,0,0,"NULL",1,"NULL","NULL","NULL",1,1,0,0,"NULL"
289,0,4098,0,289,0,0,"NULL",1,"NULL","NULL","NULL",1,1,0,0,"NULL"
290,0,4098,0,290,0,0,"NULL",1,"NULL","NULL","NULL",1,1,0,0,"NULL"
291,0,4098,0,291,0,0,"NULL",1,"NULL","NULL","NULL",1,1,0,0,"NULL"
292,0,4098,0,292,0,0,"NULL",1,"NULL","NULL","NULL",1,1,0,0,"NULL"
293,0,4098,0,293,0,0,"NULL",1,"NULL","NULL","NULL",1,1,0,0,"NULL"
294,0,4099,0,294,0,0,"NULL",1,"NULL","NULL","NULL",1,1,0,0,"NULL"
295,0,4099,0,295,0,0,"NULL",1,"NULL","NULL","NULL",1,1,0,0,"NULL"
296,0,4099,0,296,0,0,"NULL",1,"NULL","NULL","NULL",1,1,0,0,"NULL"
297,0,4099,0,297,0,0,"NULL",1,"NULL","NULL","NULL",1,1,0,0,"NULL"
298,0,4099,0,298,0,0,"NULL",1,"NULL","NULL","NULL",1,1,0,0,"NULL"
299,0,4099,0,299,0,0,"NULL",1,"NULL","NULL","NULL",1,1,0,0,"NULL"
300,0,4099,0,300,0,0,"NULL",1,"NULL","NULL","NULL",1,1,0,0,"NULL"
301,0,4099,0,301,0,0,"NULL",1,"NULL","NULL","NULL",1,1,0,0,"NULL"
302,0,4099,0,302,0,0,"NULL",1,"NULL","NULL","NULL",1,1,0,0,"NULL"
303,0,4099,0,303,0,0,"NULL",1,"NULL","NULL","NULL",1,1,0,0,"NULL"
304,0,4099,0,304,0,0,"NULL",1,"NULL","NULL","NULL",1,1,0,0,"NULL"
305,0,4099,0,305,0,0,"NULL",1,"NULL","NULL","NULL",1,1,0,0,"NULL"
306,0,4099,0,306,0,0,"NULL",1,"NULL","NULL","NULL",1,1,0,0,"NULL"
307,0,4099,0,307,0,0,"NULL",1,"NULL","NULL","NULL",1,1,0,0,"NULL"
308,0,4099,0,308,0,0,"NULL",1,"NULL","NULL","NULL",1,1,0,0,"NULL"
309,0,4099,0,309,0,0,"NULL",1,"NULL","NULL","NULL",1,1,0,0,"NULL"
310,0,4099,0,310,0,0,"NULL",1,"NULL","NULL","NULL",1,1,0,0,"NULL"
311,0,4099,0,311,0,0,"NULL",1,"NULL","NULL","NULL",1,1,0,0,"NULL"
312,0,4099,0,312,0,0,"NULL",1,"NULL","NULL","NULL",1,1,0,0,"NULL"
313,0,4099,0,313,0,0,"NULL",1,"NULL","NULL","NULL",1,1,0,0,"NULL"
314,0,4099,0,314,0,0,"NULL",1,"NULL","NULL","NULL",1,1,0,0,"NULL"
315,0,4099,0,315,0,0,"NULL",1,"NULL","NULL","NULL",1,1,0,0,"NULL"
316,0,4099,0,316,0,0,"NULL",1,"NULL","NULL","NULL",1,1,0,0,"NULL"
317,0,4099,0,317,0,0,"NULL",1,"NULL","NULL","NULL",1,1,0,0,"NULL"
318,0,4099,0,318,0,0,"NULL",1,"NULL","NULL","NULL",1,1,0,0,"NULL"
319,0,4099,0,319,0,0,"NULL",1,"NULL","NULL","NULL",1,1,0,0,"NULL"
320,0,4099,0,320,0,0,"NULL",1,"NULL","NULL","NULL",1,1,0,0,"NULL"
321,0,4099,0,321,0,0,"NULL",1,"NULL","NULL","NULL",1,1,0,0,"NULL"
322,0,4099,0,322,0,0,"NULL",1,"NULL","NULL","NULL",1,1,0,0,"NULL"
323,0,4099,0,323,0,0,"NULL",1,"NULL","NULL","NULL",1,1,0,0,"NULL"
324,0,4099,0,324,0,0,"NULL",1,"NULL","NULL","NULL",1,1,0,0,"NULL"
325,0,4099,0,325,0,0,"NULL",1,"NULL","NULL","NULL",1,1,0,0,"NULL"
326,0,4099,0,326,0,0,"NULL",1,"NULL","NULL","NULL",1,1,0,0,"NULL"
327,0,4099,0,327,0,0,"NULL",1,"NULL","NULL","NULL",1,1,0,0,"NULL"
328,0,4099,0,328,0,0,"NULL",1,"NULL","NULL","NULL",1,1,0,0,"NULL"
329,0,4099,0,329,0,0,"NULL",1,"NULL","NULL","NULL",1,1,0,0,"NULL"
330,0,4099,0,330,0,0,"NULL",1,"NULL","NULL","NULL",1,1,0,0,"NULL"
331,0,4099,0,331,0,0,"NULL",1,"NULL","NULL","NULL",1,1,0,0,"NULL"
332,0,4099,0,332,0,0,"NULL",1,"NULL","NULL","NULL",1,1,0,0,"NULL"
333,0,4099,0,333,0,0,"NULL",1,"NULL","NULL","NULL",1,1,0,0,"NULL"
334,0,4099,0,334,0,0,"NULL",1,"NULL","NULL","NULL",1,1,0,0,"NULL"
335,0,4099,0,335,0,0,"NULL",1,"NULL","NULL","NULL",1,1,0,0,"NULL"
336,0,4099,0,336,0,0,"NULL",1,"NULL","NULL","NULL",1,1,0,0,"NULL"
337,0,4099,0,337,0,0,"NULL",1,"NULL","NULL","NULL",1,1,0,0,"NULL"
338,0,4099,0,338,0,0,"NULL",1,"NULL","NULL","NULL",1,1,0,0,"NULL"
339,0,4099,0,339,0,0,"NULL",1,"NULL","NULL","NULL",1,1,0,0,"NULL"
340,0,4099,0,340,0,0,"NULL",1,"NULL","NULL","NULL",1,1,0,0,"NULL"
341,0,4099,0,341,0,0,"NULL",1,"NULL","NULL","NULL",1,1,0,0,"NULL"
342,0,4099,0,342,0,0,"NULL",1,"NULL","NULL","NULL",1,1,0,0,"NULL"
343,0,4099,0,343,0,0,"NULL",1,"NULL","NULL","NULL",1,1,0,0,"NULL"
344,0,4099,0,344,0,0,"NULL",1,"NULL","NULL","NULL",1,1,0,0,"NULL"
345,0,4099,0,345,0,0,"NULL",1,"NULL","NULL","NULL",1,1,0,0,"NULL"
346,0,4099,0,346,0,0,"NULL",1,"NULL","NULL","NULL",1,1,0,0,"NULL"
347,0,4099,0,347,0,0,"NULL",1,"NULL","NULL","NULL",1,1,0,0,"NULL"
348,0,4036,0,348,0,0,"NULL",1,"NULL","NULL","NULL",1,1,0,0,"NULL"
349,0,4036,0,349,0,0,"NULL",1,"NULL","NULL","NULL",1,1,0,0,"NULL"
350,0,4036,0,350,0,0,"NULL",1,"NULL","NULL","NULL",1,1,0,0,"NULL"
351,0,4036,0,351,0,0,"NULL",1,"NULL","NULL","NULL",1,1,0,0,"NULL"
352,0,4036,0,352,0,0,"NULL",1,"NULL","NULL","NULL",1,1,0,0,"NULL"
353,0,4036,0,353,0,0,"NULL",1,"NULL","NULL","NULL",1,1,0,0,"NULL"
354,0,4036,0,354,0,0,"NULL",1,"NULL","NULL","NULL",1,1,0,0,"NULL"
355,0,4036,0,355,0,0,"NULL",1,"NULL","NULL","NULL",1,1,0,0,"NULL"
356,0,4036,0,356,0,0,"NULL",1,"NULL","NULL","NULL",1,1,0,0,"NULL"
357,0,4036,0,357,0,0,"NULL",1,"NULL","NULL","NULL",1,1,0,0,"NULL"
358,0,4036,0,358,0,0,"NULL",1,"NULL","NULL","NULL",1,1,0,0,"NULL"
359,0,4036,0,359,0,0,"NULL",1,"NULL","NULL","NULL",1,1,0,0,"NULL"
360,0,4036,0,360,0,0,"NULL",1,"NULL","NULL","NULL",1,1,0,0,"NULL"
361,0,4036,0,361,0,0,"NULL",1,"NULL","NULL","NULL",1,1,0,0,"NULL"
362,0,4036,0,362,0,0,"NULL",1,"NULL","NULL","NULL",1,1,0,0,"NULL"
363,0,4036,0,363,0,0,"NULL",1,"NULL","NULL","NULL",1,1,0,0,"NULL"
364,0,4036,0,364,0,0,"NULL",1,"NULL","NULL","NULL",1,1,0,0,"NULL"
365,0,4036,0,365,0,0,"NULL",1,"NULL","NULL","NULL",1,1,0,0,"NULL"
366,0,4036,0,366,0,0,"NULL",1,"NULL","NULL","NULL",1,1,0,0,"NULL"
367,0,4036,0,367,0,0,"NULL",1,"NULL","NULL","NULL",1,1,0,0,"NULL"
368,0,4036,0,368,0,0,"NULL",1,"NULL","NULL","NULL",1,1,0,0,"NULL"
369,0,4036,0,369,0,0,"NULL",1,"NULL","NULL","NULL",1,1,0,0,"NULL"
370,0,4036,0,370,0,0,"NULL",1,"NULL","NULL","NULL",1,1,0,0,"NULL"
371,0,4036,0,371,0,0,"NULL",1,"NULL","NULL","NULL",1,1,0,0,"NULL"
372,0,4036,0,372,0,0,"NULL",1,"NULL","NULL","NULL",1,1,0,0,"NULL"
373,0,4036,0,373,0,0,"NULL",1,"NULL","NULL","NULL",1,1,0,0,"NULL"
374,0,4036,0,374,0,0,"NULL",1,"NULL","NULL","NULL",1,1,0,0,"NULL"
375,0,4036,0,375,0,0,"NULL",1,"NULL","NULL","NULL",1,1,0,0,"NULL"
376,0,4036,0,376,0,0,"NULL",1,"NULL","NULL","NULL",1,1,0,0,"NULL"
377,0,4036,0,377,0,0,"NULL",1,"NULL","NULL","NULL",1,1,0,0,"NULL"
378,0,4036,0,378,0,0,"NULL",1,"NULL","NULL","NULL",1,1,0,0,"NULL"
379,0,4036,0,379,0,0,"NULL",1,"NULL","NULL","NULL",1,1,0,0,"NULL"
380,0,4036,0,380,0,0,"NULL",1,"NULL","NULL","NULL",1,1,0,0,"NULL"
381,0,4036,0,381,0,0,"NULL",1,"NULL","NULL","NULL",1,1,0,0,"NULL"
382,0,4036,0,382,0,0,"NULL",1,"NULL","NULL","NULL",1,1,0,0,"NULL"
383,0,4036,0,383,0,0,"NULL",1,"NULL","NULL","NULL",1,1,0,0,"NULL"
384,0,4036,0,384,0,0,"NULL",1,"NULL","NULL","NULL",1,1,0,0,"NULL"
385,0,4036,0,385,0,0,"NULL",1,"NULL","NULL","NULL",1,1,0,0,"NULL"
386,0,4036,0,386,0,0,"NULL",1,"NULL","NULL","NULL",1,1,0,0,"NULL"
387,0,4036,0,387,0,0,"NULL",1,"NULL","NULL","NULL",1,1,0,0,"NULL"
388,0,4036,0,388,0,0,"NULL",1,"NULL","NULL","NULL",1,1,0,0,"NULL"
389,0,4036,0,389,0,0,"NULL",1,"NULL","NULL","NULL",1,1,0,0,"NULL"
390,0,4036,0,390,0,0,"NULL",1,"NULL","NULL","NULL",1,1,0,0,"NULL"
391,0,4036,0,391,0,0,"NULL",1,"NULL","NULL","NULL",1,1,0,0,"NULL"
392,0,4036,0,392,0,0,"NULL",1,"NULL","NULL","NULL",1,1,0,0,"NULL"
393,0,4036,0,393,0,0,"NULL",1,"NULL","NULL","NULL",1,1,0,0,"NULL"
394,0,4036,0,394,0,0,"NULL",1,"NULL","NULL","NULL",1,1,0,0,"NULL"
395,0,4036,0,395,0,0,"NULL",1,"NULL","NULL","NULL",1,1,0,0,"NULL"
396,0,4036,0,396,0,0,"NULL",1,"NULL","NULL","NULL",1,1,0,0,"NULL"
397,0,4036,0,397,0,0,"NULL",1,"NULL","NULL","NULL",1,1,0,0,"NULL"
398,0,4036,0,398,0,0,"NULL",1,"NULL","NULL","NULL",1,1,0,0,"NULL"
399,0,4036,0,399,0,0,"NULL",1,"NULL","NULL","NULL",1,1,0,0,"NULL"
400,0,4036,0,400,0,0,"NULL",1,"NULL","NULL","NULL",1,1,0,0,"NULL"
401,0,4036,0,401,0,0,"NULL",1,"NULL","NULL","NULL",1,1,0,0,"NULL"
402,0,4036,0,402,0,0,"NULL",1,"NULL","NULL","NULL",1,1,0,0,"NULL"
403,0,4036,0,403,0,0,"NULL",1,"NULL","NULL","NULL",1,1,0,0,"NULL"
404,0,4036,0,404,0,0,"NULL",1,"NULL","NULL","NULL",1,1,0,0,"NULL"
405,0,4078,0,405,0,0,"NULL",1,"NULL","NULL","NULL",1,1,0,0,"NULL"
406,0,4078,0,406,0,0,"NULL",1,"NULL","NULL","NULL",1,1,0,0,"NULL"
407,0,4078,0,407,0,0,"NULL",1,"NULL","NULL","NULL",1,1,0,0,"NULL"
408,0,4078,0,408,0,0,"NULL",1,"NULL","NULL","NULL",1,1,0,0,"NULL"
409,0,4078,0,409,0,0,"NULL",1,"NULL","NULL","NULL",1,1,0,0,"NULL"
410,0,4078,0,410,0,0,"NULL",1,"NULL","NULL","NULL",1,1,0,0,"NULL"
411,0,4078,0,411,0,0,"NULL",1,"NULL","NULL","NULL",1,1,0,0,"NULL"
412,0,4078,0,412,0,0,"NULL",1,"NULL","NULL","NULL",1,1,0,0,"NULL"
413,0,4078,0,413,0,0,"NULL",1,"NULL","NULL","NULL",1,1,0,0,"NULL"
414,0,4078,0,414,0,0,"NULL",1,"NULL","NULL","NULL",1,1,0,0,"NULL"
415,0,4078,0,415,0,0,"NULL",1,"NULL","NULL","NULL",1,1,0,0,"NULL"
416,0,4078,0,416,0,0,"NULL",1,"NULL","NULL","NULL",1,1,0,0,"NULL"
417,0,4078,0,417,0,0,"NULL",1,"NULL","NULL","NULL",1,1,0,0,"NULL"
418,0,4078,0,418,0,0,"NULL",1,"NULL","NULL","NULL",1,1,0,0,"NULL"
419,0,4078,0,419,0,0,"NULL",1,"NULL","NULL","NULL",1,1,0,0,"NULL"
420,0,4078,0,420,0,0,"NULL",1,"NULL","NULL","NULL",1,1,0,0,"NULL"
421,0,4078,0,421,0,0,"NULL",1,"NULL","NULL","NULL",1,1,0,0,"NULL"
422,0,4078,0,422,0,0,"NULL",1,"NULL","NULL","NULL",1,1,0,0,"NULL"
423,0,4078,0,423,0,0,"NULL",1,"NULL","NULL","NULL",1,1,0,0,"NULL"
424,0,4078,0,424,0,0,"NULL",1,"NULL","NULL","NULL",1,1,0,0,"NULL"
425,0,4078,0,425,0,0,"NULL",1,"NULL","NULL","NULL",1,1,0,0,"NULL"
426,0,4078,0,426,0,0,"NULL",1,"NULL","NULL","NULL",1,1,0,0,"NULL"
427,0,4078,0,427,0,0,"NULL",1,"NULL","NULL","NULL",1,1,0,0,"NULL"
428,0,4078,0,428,0,0,"NULL",1,"NULL","NULL","NULL",1,1,0,0,"NULL"
429,0,4078,0,429,0,0,"NULL",1,"NULL","NULL","NULL",1,1,0,0,"NULL"
430,0,4078,0,430,0,0,"NULL",1,"NULL","NULL","NULL",1,1,0,0,"NULL"
431,0,4078,0,431,0,0,"NULL",1,"NULL","NULL","NULL",1,1,0,0,"NULL"
432,0,4078,0,432,0,0,"NULL",1,"NULL","NULL","NULL",1,1,0,0,"NULL"
433,0,4078,0,433,0,0,"NULL",1,"NULL","NULL","NULL",1,1,0,0,"NULL"
434,0,4078,0,434,0,0,"NULL",1,"NULL","NULL","NULL",1,1,0,0,"NULL"
435,0,4078,0,435,0,0,"NULL",1,"NULL","NULL","NULL",1,1,0,0,"NULL"
436,0,4078,0,436,0,0,"NULL",1,"NULL","NULL","NULL",1,1,0,0,"NULL"
437,0,4078,0,437,0,0,"NULL",1,"NULL","NULL","NULL",1,1,0,0,"NULL"
438,0,4078,0,438,0,0,"NULL",1,"NULL","NULL","NULL",1,1,0,0,"NULL"
439,0,4078,0,439,0,0,"NULL",1,"NULL","NULL","NULL",1,1,0,0,"NULL"
440,0,4078,0,440,0,0,"NULL",1,"NULL","NULL","NULL",1,1,0,0,"NULL"
441,0,4078,0,441,0,0,"NULL",1,"NULL","NULL","NULL",1,1,0,0,"NULL"
442,0,4078,0,442,0,0,"NULL",1,"NULL","NULL","NULL",1,1,0,0,"NULL"
443,0,4078,0,443,0,0,"NULL",1,"NULL","NULL","NULL",1,1,0,0,"NULL"
444,0,4078,0,444,0,0,"NULL",1,"NULL","NULL","NULL",1,1,0,0,"NULL"
445,0,4078,0,445,0,0,"NULL",1,"NULL","NULL","NULL",1,1,0,0,"NULL"
446,0,4078,0,446,0,0,"NULL",1,"NULL","NULL","NULL",1,1,0,0,"NULL"
447,0,4078,0,447,0,0,"NULL",1,"NULL","NULL","NULL",1,1,0,0,"NULL"
448,0,4078,0,448,0,0,"NULL",1,"NULL","NULL","NULL",1,1,0,0,"NULL"
449,0,4078,0,449,0,0,"NULL",1,"NULL","NULL","NULL",1,1,0,0,"NULL"
450,0,4078,0,450,0,0,"NULL",1,"NULL","NULL","NULL",1,1,0,0,"NULL"
451,0,4078,0,451,0,0,"NULL",1,"NULL","NULL","NULL",1,1,0,0,"NULL"
452,0,4078,0,452,0,0,"NULL",1,"NULL","NULL","NULL",1,1,0,0,"NULL"
453,0,4078,0,453,0,0,"NULL",1,"NULL","NULL","NULL",1,1,0,0,"NULL"
454,0,4078,0,454,0,0,"NULL",1,"NULL","NULL","NULL",1,1,0,0,"NULL"
455,0,4078,0,455,0,0,"NULL",1,"NULL","NULL","NULL",1,1,0,0,"NULL"
456,0,4078,0,456,0,0,"NULL",1,"NULL","NULL","NULL",1,1,0,0,"NULL"
457,0,4078,0,457,0,0,"NULL",1,"NULL","NULL","NULL",1,1,0,0,"NULL"
458,0,4078,0,458,0,0,"NULL",1,"NULL","NULL","NULL",1,1,0,0,"NULL"
459,0,4078,0,459,0,0,"NULL",1,"NULL","NULL","NULL",1,1,0,0,"NULL"
460,0,4078,0,460,0,0,"NULL",1,"NULL","NULL","NULL",1,1,0,0,"NULL"
461,0,4078,0,461,0,0,"NULL",1,"NULL","NULL","NULL",1,1,0,0,"NULL"
462,0,4078,0,462,0,0,"NULL",1,"NULL","NULL","NULL",1,1,0,0,"NULL"
463,0,4078,0,463,0,0,"NULL",1,"NULL","NULL","NULL",1,1,0,0,"NULL"
464,0,4078,0,464,0,0,"NULL",1,"NULL","NULL","NULL",1,1,0,0,"NULL"
465,0,4078,0,465,0,0,"NULL",1,"NULL","NULL","NULL",1,1,0,0,"NULL"
466,0,4078,0,466,0,0,"NULL",1,"NULL","NULL","NULL",1,1,0,0,"NULL"
467,0,4078,0,467,0,0,"NULL",1,"NULL","NULL","NULL",1,1,0,0,"NULL"
468,0,4078,0,468,0,0,"NULL",1,"NULL","NULL","NULL",1,1,0,0,"NULL"
469,0,4078,0,469,0,0,"NULL",1,"NULL","NULL","NULL",1,1,0,0,"NULL"
470,0,4078,0,470,0,0,"NULL",1,"NULL","NULL","NULL",1,1,0,0,"NULL"
471,0,4078,0,471,0,0,"NULL",1,"NULL","NULL","NULL",1,1,0,0,"NULL"
472,0,4078,0,472,0,0,"NULL",1,"NULL","NULL","NULL",1,1,0,0,"NULL"
473,0,4078,0,473,0,0,"NULL",1,"NULL","NULL","NULL",1,1,0,0,"NULL"
474,0,4078,0,474,0,0,"NULL",1,"NULL","NULL","NULL",1,1,0,0,"NULL"
475,0,4078,0,475,0,0,"NULL",1,"NULL","NULL","NULL",1,1,0,0,"NULL"
476,0,4078,0,476,0,0,"NULL",1,"NULL","NULL","NULL",1,1,0,0,"NULL"
477,0,4078,0,477,0,0,"NULL",1,"NULL","NULL","NULL",1,1,0,0,"NULL"
478,0,4078,0,478,0,0,"NULL",1,"NULL","NULL","NULL",1,1,0,0,"NULL"
479,0,4078,0,479,0,0,"NULL",1,"NULL","NULL","NULL",1,1,0,0,"NULL"
480,0,4078,0,480,0,0,"NULL",1,"NULL","NULL","NULL",1,1,0,0,"NULL"
481,0,4078,0,481,0,0,"NULL",1,"NULL","NULL","NULL",1,1,0,0,"NULL"
482,0,4078,0,482,0,0,"NULL",1,"NULL","NULL","NULL",1,1,0,0,"NULL"
483,0,4078,0,483,0,0,"NULL",1,"NULL","NULL","NULL",1,1,0,0,"NULL"
484,0,4078,0,484,0,0,"NULL",1,"NULL","NULL","NULL",1,1,0,0,"NULL"
485,0,4078,0,485,0,0,"NULL",1,"NULL","NULL","NULL",1,1,0,0,"NULL"
486,0,4078,0,486,0,0,"NULL",1,"NULL","NULL","NULL",1,1,0,0,"NULL"
487,0,4078,0,487,0,0,"NULL",1,"NULL","NULL","NULL",1,1,0,0,"NULL"
488,0,4078,0,488,0,0,"NULL",1,"NULL","NULL","NULL",1,1,0,0,"NULL"
489,0,4078,0,489,0,0,"NULL",1,"NULL","NULL","NULL",1,1,0,0,"NULL"
490,0,4078,0,490,0,0,"NULL",1,"NULL","NULL","NULL",1,1,0,0,"NULL"
491,0,4078,0,491,0,0,"NULL",1,"NULL","NULL","NULL",1,1,0,0,"NULL"
492,0,4078,0,492,0,0,"NULL",1,"NULL","NULL","NULL",1,1,0,0,"NULL"
493,0,4078,0,493,0,0,"NULL",1,"NULL","NULL","NULL",1,1,0,0,"NULL"
494,0,4078,0,494,0,0,"NULL",1,"NULL","NULL","NULL",1,1,0,0,"NULL"
495,0,4078,0,495,0,0,"NULL",1,"NULL","NULL","NULL",1,1,0,0,"NULL"
496,0,4078,0,496,0,0,"NULL",1,"NULL","NULL","NULL",1,1,0,0,"NULL"
497,0,4078,0,497,0,0,"NULL",1,"NULL","NULL","NULL",1,1,0,0,"NULL"
498,0,4078,0,498,0,0,"NULL",1,"NULL","NULL","NULL",1,1,0,0,"NULL"
499,0,4078,0,499,0,0,"NULL",1,"NULL","NULL","NULL",1,1,0,0,"NULL"
500,0,4078,0,500,0,0,"NULL",1,"NULL","NULL","NULL",1,1,0,0,"NULL"
501,0,4078,0,501,0,0,"NULL",1,"NULL","NULL","NULL",1,1,0,0,"NULL"
502,0,4078,0,502,0,0,"NULL",1,"NULL","NULL","NULL",1,1,0,0,"NULL"
503,0,4078,0,503,0,0,"NULL",1,"NULL","NULL","NULL",1,1,0,0,"NULL"
504,0,4078,0,504,0,0,"NULL",1,"NULL","NULL","NULL",1,1,0,0,"NULL"
505,0,4078,0,505,0,0,"NULL",1,"NULL","NULL","NULL",1,1,0,0,"NULL"
506,0,4078,0,506,0,0,"NULL",1,"NULL","NULL","NULL",1,1,0,0,"NULL"
507,0,4078,0,507,0,0,"NULL",1,"NULL","NULL","NULL",1,1,0,0,"NULL"
508,0,4078,0,508,0,0,"NULL",1,"NULL","NULL","NULL",1,1,0,0,"NULL"
509,0,4078,0,509,0,0,"NULL",1,"NULL","NULL","NULL",1,1,0,0,"NULL"
510,0,4078,0,510,0,0,"NULL",1,"NULL","NULL","NULL",1,1,0,0,"NULL"
511,0,4078,0,511,0,0,"NULL",1,"NULL","NULL","NULL",1,1,0,0,"NULL"
512,0,4078,0,512,0,0,"NULL",1,"NULL","NULL","NULL",1,1,0,0,"NULL"
513,0,4078,0,513,0,0,"NULL",1,"NULL","NULL","NULL",1,1,0,0,"NULL"
514,0,4078,0,514,0,0,"NULL",1,"NULL","NULL","NULL",1,1,0,0,"NULL"
515,0,4078,0,515,0,0,"NULL",1,"NULL","NULL","NULL",1,1,0,0,"NULL"
516,0,4078,0,516,0,0,"NULL",1,"NULL","NULL","NULL",1,1,0,0,"NULL"
517,0,4078,0,517,0,0,"NULL",1,"NULL","NULL","NULL",1,1,0,0,"NULL"
518,0,4078,0,518,0,0,"NULL",1,"NULL","NULL","NULL",1,1,0,0,"NULL"
519,0,4078,0,519,0,0,"NULL",1,"NULL","NULL","NULL",1,1,0,0,"NULL"
520,0,4078,0,520,0,0,"NULL",1,"NULL","NULL","NULL",1,1,0,0,"NULL"
521,0,4078,0,521,0,0,"NULL",1,"NULL","NULL","NULL",1,1,0,0,"NULL"
522,0,4078,0,522,0,0,"NULL",1,"NULL","NULL","NULL",1,1,0,0,"NULL"
523,0,4078,0,523,0,0,"NULL",1,"NULL","NULL","NULL",1,1,0,0,"NULL"
524,0,4078,0,524,0,0,"NULL",1,"NULL","NULL","NULL",1,1,0,0,"NULL"
525,0,4078,0,525,0,0,"NULL",1,"NULL","NULL","NULL",1,1,0,0,"NULL"
526,0,4078,0,526,0,0,"NULL",1,"NULL","NULL","NULL",1,1,0,0,"NULL"
527,0,4078,0,527,0,0,"NULL",1,"NULL","NULL","NULL",1,1,0,0,"NULL"
528,0,4078,0,528,0,0,"NULL",1,"NULL","NULL","NULL",1,1,0,0,"NULL"
529,0,4078,0,529,0,0,"NULL",1,"NULL","NULL","NULL",1,1,0,0,"NULL"
530,0,4078,0,530,0,0,"NULL",1,"NULL","NULL","NULL",1,1,0,0,"NULL"
531,0,4078,0,531,0,0,"NULL",1,"NULL","NULL","NULL",1,1,0,0,"NULL"
532,0,4078,0,532,0,0,"NULL",1,"NULL","NULL","NULL",1,1,0,0,"NULL"
533,0,4078,0,533,0,0,"NULL",1,"NULL","NULL","NULL",1,1,0,0,"NULL"
534,0,4078,0,534,0,0,"NULL",1,"NULL","NULL","NULL",1,1,0,0,"NULL"
535,0,4078,0,535,0,0,"NULL",1,"NULL","NULL","NULL",1,1,0,0,"NULL"
536,0,4078,0,536,0,0,"NULL",1,"NULL","NULL","NULL",1,1,0,0,"NULL"
537,0,4078,0,537,0,0,"NULL",1,"NULL","NULL","NULL",1,1,0,0,"NULL"
538,0,4078,0,538,0,0,"NULL",1,"NULL","NULL","NULL",1,1,0,0,"NULL"
539,0,4078,0,539,0,0,"NULL",1,"NULL","NULL","NULL",1,1,0,0,"NULL"
540,0,4078,0,540,0,0,"NULL",1,"NULL","NULL","NULL",1,1,0,0,"NULL"
541,0,4078,0,541,0,0,"NULL",1,"NULL","NULL","NULL",1,1,0,0,"NULL"
542,0,4078,0,542,0,0,"NULL",1,"NULL","NULL","NULL",1,1,0,0,"NULL"
543,0,4078,0,543,0,0,"NULL",1,"NULL","NULL","NULL",1,1,0,0,"NULL"
544,0,4078,0,544,0,0,"NULL",1,"NULL","NULL","NULL",1,1,0,0,"NULL"
545,0,4078,0,545,0,0,"NULL",1,"NULL","NULL","NULL",1,1,0,0,"NULL"
546,0,4078,0,546,0,0,"NULL",1,"NULL","NULL","NULL",1,1,0,0,"NULL"
547,0,4078,0,547,0,0,"NULL",1,"NULL","NULL","NULL",1,1,0,0,"NULL"
548,0,4078,0,548,0,0,"NULL",1,"NULL","NULL","NULL",1,1,0,0,"NULL"
549,0,4078,0,549,0,0,"NULL",1,"NULL","NULL","NULL",1,1,0,0,"NULL"
550,0,4078,0,550,0,0,"NULL",1,"NULL","NULL","NULL",1,1,0,0,"NULL"
551,0,4078,0,551,0,0,"NULL",1,"NULL","NULL","NULL",1,1,0,0,"NULL"
552,0,4078,0,552,0,0,"NULL",1,"NULL","NULL","NULL",1,1,0,0,"NULL"
553,0,4078,0,553,0,0,"NULL",1,"NULL","NULL","NULL",1,1,0,0,"NULL"
554,0,4078,0,554,0,0,"NULL",1,"NULL","NULL","NULL",1,1,0,0,"NULL"
555,0,4078,0,555,0,0,"NULL",1,"NULL","NULL","NULL",1,1,0,0,"NULL"
556,0,4078,0,556,0,0,"NULL",1,"NULL","NULL","NULL",1,1,0,0,"NULL"
557,0,4079,0,557,0,0,"NULL",1,"NULL","NULL","NULL",1,1,0,0,"NULL"
558,0,4079,0,558,0,0,"NULL",1,"NULL","NULL","NULL",1,1,0,0,"NULL"
559,0,4079,0,559,0,0,"NULL",1,"NULL","NULL","NULL",1,1,0,0,"NULL"
560,0,4079,0,560,0,0,"NULL",1,"NULL","NULL","NULL",1,1,0,0,"NULL"
561,0,4079,0,561,0,0,"NULL",1,"NULL","NULL","NULL",1,1,0,0,"NULL"
562,0,4079,0,562,0,0,"NULL",1,"NULL","NULL","NULL",1,1,0,0,"NULL"
563,0,4079,0,563,0,0,"NULL",1,"NULL","NULL","NULL",1,1,0,0,"NULL"
564,0,4079,0,564,0,0,"NULL",1,"NULL","NULL","NULL",1,1,0,0,"NULL"
565,0,4079,0,565,0,0,"NULL",1,"NULL","NULL","NULL",1,1,0,0,"NULL"
566,0,4079,0,566,0,0,"NULL",1,"NULL","NULL","NULL",1,1,0,0,"NULL"
567,0,4079,0,567,0,0,"NULL",1,"NULL","NULL","NULL",1,1,0,0,"NULL"
568,0,4079,0,568,0,0,"NULL",1,"NULL","NULL","NULL",1,1,0,0,"NULL"
569,0,4079,0,569,0,0,"NULL",1,"NULL","NULL","NULL",1,1,0,0,"NULL"
570,0,4079,0,570,0,0,"NULL",1,"NULL","NULL","NULL",1,1,0,0,"NULL"
571,0,4139,0,571,0,0,"NULL",1,"NULL","NULL","NULL",1,1,0,0,"NULL"
572,0,4139,0,572,0,0,"NULL",1,"NULL","NULL","NULL",1,1,0,0,"NULL"
573,0,4139,0,573,0,0,"NULL",1,"NULL","NULL","NULL",1,1,0,0,"NULL"
574,0,4139,0,574,0,0,"NULL",1,"NULL","NULL","NULL",1,1,0,0,"NULL"
575,0,4139,0,575,0,0,"NULL",1,"NULL","NULL","NULL",1,1,0,0,"NULL"
576,0,4139,0,576,0,0,"NULL",1,"NULL","NULL","NULL",1,1,0,0,"NULL"
577,0,4139,0,577,0,0,"NULL",1,"NULL","NULL","NULL",1,1,0,0,"NULL"
578,0,4139,0,578,0,0,"NULL",1,"NULL","NULL","NULL",1,1,0,0,"NULL"
579,0,4139,0,579,0,0,"NULL",1,"NULL","NULL","NULL",1,1,0,0,"NULL"
580,0,4139,0,580,0,0,"NULL",1,"NULL","NULL","NULL",1,1,0,0,"NULL"
581,0,4139,0,581,0,0,"NULL",1,"NULL","NULL","NULL",1,1,0,0,"NULL"
582,0,4139,0,582,0,0,"NULL",1,"NULL","NULL","NULL",1,1,0,0,"NULL"
583,0,4139,0,583,0,0,"NULL",1,"NULL","NULL","NULL",1,1,0,0,"NULL"
584,0,4139,0,584,0,0,"NULL",1,"NULL","NULL","NULL",1,1,0,0,"NULL"
585,0,4139,0,585,0,0,"NULL",1,"NULL","NULL","NULL",1,1,0,0,"NULL"
586,0,4139,0,586,0,0,"NULL",1,"NULL","NULL","NULL",1,1,0,0,"NULL"
587,0,4139,0,587,0,0,"NULL",1,"NULL","NULL","NULL",1,1,0,0,"NULL"
588,0,4139,0,588,0,0,"NULL",1,"NULL","NULL","NULL",1,1,0,0,"NULL"
589,0,4139,0,589,0,0,"NULL",1,"NULL","NULL","NULL",1,1,0,0,"NULL"
590,0,4139,0,590,0,0,"NULL",1,"NULL","NULL","NULL",1,1,0,0,"NULL"
591,0,4139,0,591,0,0,"NULL",1,"NULL","NULL","NULL",1,1,0,0,"NULL"
592,0,4139,0,592,0,0,"NULL",1,"NULL","NULL","NULL",1,1,0,0,"NULL"
593,0,4080,0,593,0,0,"NULL",1,"NULL","NULL","NULL",1,1,0,0,"NULL"
594,0,4080,0,594,0,0,"NULL",1,"NULL","NULL","NULL",1,1,0,0,"NULL"
595,0,4080,0,595,0,0,"NULL",1,"NULL","NULL","NULL",1,1,0,0,"NULL"
596,0,4080,0,596,0,0,"NULL",1,"NULL","NULL","NULL",1,1,0,0,"NULL"
597,0,4080,0,597,0,0,"NULL",1,"NULL","NULL","NULL",1,1,0,0,"NULL"
598,0,4080,0,598,0,0,"NULL",1,"NULL","NULL","NULL",1,1,0,0,"NULL"
599,0,4080,0,599,0,0,"NULL",1,"NULL","NULL","NULL",1,1,0,0,"NULL"
600,0,4080,0,600,0,0,"NULL",1,"NULL","NULL","NULL",1,1,0,0,"NULL"
601,0,4080,0,601,0,0,"NULL",1,"NULL","NULL","NULL",1,1,0,0,"NULL"
602,0,4080,0,602,0,0,"NULL",1,"NULL","NULL","NULL",1,1,0,0,"NULL"
603,0,4080,0,603,0,0,"NULL",1,"NULL","NULL","NULL",1,1,0,0,"NULL"
604,0,4080,0,604,0,0,"NULL",1,"NULL","NULL","NULL",1,1,0,0,"NULL"
605,0,4080,0,605,0,0,"NULL",1,"NULL","NULL","NULL",1,1,0,0,"NULL"
606,0,4080,0,606,0,0,"NULL",1,"NULL","NULL","NULL",1,1,0,0,"NULL"
607,0,4080,0,607,0,0,"NULL",1,"NULL","NULL","NULL",1,1,0,0,"NULL"
608,0,4080,0,608,0,0,"NULL",1,"NULL","NULL","NULL",1,1,0,0,"NULL"
609,0,4080,0,609,0,0,"NULL",1,"NULL","NULL","NULL",1,1,0,0,"NULL"
610,0,4080,0,610,0,0,"NULL",1,"NULL","NULL","NULL",1,1,0,0,"NULL"
611,0,4080,0,611,0,0,"NULL",1,"NULL","NULL","NULL",1,1,0,0,"NULL"
612,0,4080,0,612,0,0,"NULL",1,"NULL","NULL","NULL",1,1,0,0,"NULL"
613,0,4080,0,613,0,0,"NULL",1,"NULL","NULL","NULL",1,1,0,0,"NULL"
614,0,4080,0,614,0,0,"NULL",1,"NULL","NULL","NULL",1,1,0,0,"NULL"
615,0,4080,0,615,0,0,"NULL",1,"NULL","NULL","NULL",1,1,0,0,"NULL"
616,0,4080,0,616,0,0,"NULL",1,"NULL","NULL","NULL",1,1,0,0,"NULL"
617,0,4080,0,617,0,0,"NULL",1,"NULL","NULL","NULL",1,1,0,0,"NULL"
618,0,4080,0,618,0,0,"NULL",1,"NULL","NULL","NULL",1,1,0,0,"NULL"
619,0,4080,0,619,0,0,"NULL",1,"NULL","NULL","NULL",1,1,0,0,"NULL"
620,0,4080,0,620,0,0,"NULL",1,"NULL","NULL","NULL",1,1,0,0,"NULL"
621,0,4080,0,621,0,0,"NULL",1,"NULL","NULL","NULL",1,1,0,0,"NULL"
622,0,4080,0,622,0,0,"NULL",1,"NULL","NULL","NULL",1,1,0,0,"NULL"
623,0,4080,0,623,0,0,"NULL",1,"NULL","NULL","NULL",1,1,0,0,"NULL"
624,0,4080,0,624,0,0,"NULL",1,"NULL","NULL","NULL",1,1,0,0,"NULL"
625,0,4080,0,625,0,0,"NULL",1,"NULL","NULL","NULL",1,1,0,0,"NULL"
626,0,4080,0,626,0,0,"NULL",1,"NULL","NULL","NULL",1,1,0,0,"NULL"
627,0,4080,0,627,0,0,"NULL",1,"NULL","NULL","NULL",1,1,0,0,"NULL"
628,0,4080,0,628,0,0,"NULL",1,"NULL","NULL","NULL",1,1,0,0,"NULL"
629,0,4080,0,629,0,0,"NULL",1,"NULL","NULL","NULL",1,1,0,0,"NULL"
630,0,4080,0,630,0,0,"NULL",1,"NULL","NULL","NULL",1,1,0,0,"NULL"
631,0,4080,0,631,0,0,"NULL",1,"NULL","NULL","NULL",1,1,0,0,"NULL"
632,0,4080,0,632,0,0,"NULL",1,"NULL","NULL","NULL",1,1,0,0,"NULL"
633,0,4080,0,633,0,0,"NULL",1,"NULL","NULL","NULL",1,1,0,0,"NULL"
634,0,4080,0,634,0,0,"NULL",1,"NULL","NULL","NULL",1,1,0,0,"NULL"
635,0,4080,0,635,0,0,"NULL",1,"NULL","NULL","NULL",1,1,0,0,"NULL"
636,0,4080,0,636,0,0,"NULL",1,"NULL","NULL","NULL",1,1,0,0,"NULL"
637,0,4080,0,637,0,0,"NULL",1,"NULL","NULL","NULL",1,1,0,0,"NULL"
638,0,4080,0,638,0,0,"NULL",1,"NULL","NULL","NULL",1,1,0,0,"NULL"
639,0,4080,0,639,0,0,"NULL",1,"NULL","NULL","NULL",1,1,0,0,"NULL"
640,0,4080,0,640,0,0,"NULL",1,"NULL","NULL","NULL",1,1,0,0,"NULL"
641,0,4080,0,641,0,0,"NULL",1,"NULL","NULL","NULL",1,1,0,0,"NULL"
642,0,4080,0,642,0,0,"NULL",1,"NULL","NULL","NULL",1,1,0,0,"NULL"
643,0,4080,0,643,0,0,"NULL",1,"NULL","NULL","NULL",1,1,0,0,"NULL"
644,0,4080,0,644,0,0,"NULL",1,"NULL","NULL","NULL",1,1,0,0,"NULL"
645,0,4080,0,645,0,0,"NULL",1,"NULL","NULL","NULL",1,1,0,0,"NULL"
646,0,4080,0,646,0,0,"NULL",1,"NULL","NULL","NULL",1,1,0,0,"NULL"
647,0,4080,0,647,0,0,"NULL",1,"NULL","NULL","NULL",1,1,0,0,"NULL"
648,0,4080,0,648,0,0,"NULL",1,"NULL","NULL","NULL",1,1,0,0,"NULL"
649,0,4080,0,649,0,0,"NULL",1,"NULL","NULL","NULL",1,1,0,0,"NULL"
650,0,4080,0,650,0,0,"NULL",1,"NULL","NULL","NULL",1,1,0,0,"NULL"
651,0,4080,0,651,0,0,"NULL",1,"NULL","NULL","NULL",1,1,0,0,"NULL"
652,0,4080,0,652,0,0,"NULL",1,"NULL","NULL","NULL",1,1,0,0,"NULL"
653,0,4080,0,653,0,0,"NULL",1,"NULL","NULL","NULL",1,1,0,0,"NULL"
654,0,4080,0,654,0,0,"NULL",1,"NULL","NULL","NULL",1,1,0,0,"NULL"
655,0,4080,0,655,0,0,"NULL",1,"NULL","NULL","NULL",1,1,0,0,"NULL"
656,0,4080,0,656,0,0,"NULL",1,"NULL","NULL","NULL",1,1,0,0,"NULL"
657,0,4080,0,657,0,0,"NULL",1,"NULL","NULL","NULL",1,1,0,0,"NULL"
658,0,4080,0,658,0,0,"NULL",1,"NULL","NULL","NULL",1,1,0,0,"NULL"
659,0,4080,0,659,0,0,"NULL",1,"NULL","NULL","NULL",1,1,0,0,"NULL"
660,0,4080,0,660,0,0,"NULL",1,"NULL","NULL","NULL",1,1,0,0,"NULL"
661,0,4080,0,661,0,0,"NULL",1,"NULL","NULL","NULL",1,1,0,0,"NULL"
662,0,4080,0,662,0,0,"NULL",1,"NULL","NULL","NULL",1,1,0,0,"NULL"
663,0,4080,0,663,0,0,"NULL",1,"NULL","NULL","NULL",1,1,0,0,"NULL"
664,0,4080,0,664,0,0,"NULL",1,"NULL","NULL","NULL",1,1,0,0,"NULL"
665,0,4080,0,665,0,0,"NULL",1,"NULL","NULL","NULL",1,1,0,0,"NULL"
666,0,4080,0,666,0,0,"NULL",1,"NULL","NULL","NULL",1,1,0,0,"NULL"
667,0,4080,0,667,0,0,"NULL",1,"NULL","NULL","NULL",1,1,0,0,"NULL"
668,0,4080,0,668,0,0,"NULL",1,"NULL","NULL","NULL",1,1,0,0,"NULL"
669,0,4080,0,669,0,0,"NULL",1,"NULL","NULL","NULL",1,1,0,0,"NULL"
670,0,4080,0,670,0,0,"NULL",1,"NULL","NULL","NULL",1,1,0,0,"NULL"
671,0,4080,0,671,0,0,"NULL",1,"NULL","NULL","NULL",1,1,0,0,"NULL"
672,0,4080,0,672,0,0,"NULL",1,"NULL","NULL","NULL",1,1,0,0,"NULL"
673,0,4080,0,673,0,0,"NULL",1,"NULL","NULL","NULL",1,1,0,0,"NULL"
674,0,4080,0,674,0,0,"NULL",1,"NULL","NULL","NULL",1,1,0,0,"NULL"
675,0,4080,0,675,0,0,"NULL",1,"NULL","NULL","NULL",1,1,0,0,"NULL"
676,0,4080,0,676,0,0,"NULL",1,"NULL","NULL","NULL",1,1,0,0,"NULL"
677,0,4080,0,677,0,0,"NULL",1,"NULL","NULL","NULL",1,1,0,0,"NULL"
678,0,4080,0,678,0,0,"NULL",1,"NULL","NULL","NULL",1,1,0,0,"NULL"
679,0,4080,0,679,0,0,"NULL",1,"NULL","NULL","NULL",1,1,0,0,"NULL"
680,0,4080,0,680,0,0,"NULL",1,"NULL","NULL","NULL",1,1,0,0,"NULL"
681,0,4080,0,681,0,0,"NULL",1,"NULL","NULL","NULL",1,1,0,0,"NULL"
682,0,4080,0,682,0,0,"NULL",1,"NULL","NULL","NULL",1,1,0,0,"NULL"
683,0,4080,0,683,0,0,"NULL",1,"NULL","NULL","NULL",1,1,0,0,"NULL"
684,0,4080,0,684,0,0,"NULL",1,"NULL","NULL","NULL",1,1,0,0,"NULL"
685,0,4080,0,685,0,0,"NULL",1,"NULL","NULL","NULL",1,1,0,0,"NULL"
686,0,4080,0,686,0,0,"NULL",1,"NULL","NULL","NULL",1,1,0,0,"NULL"
687,0,4181,0,687,0,0,"NULL",1,"NULL","NULL","NULL",1,1,0,0,"NULL"
688,0,4181,0,688,0,0,"NULL",1,"NULL","NULL","NULL",1,1,0,0,"NULL"
689,0,4181,0,689,0,0,"NULL",1,"NULL","NULL","NULL",1,1,0,0,"NULL"
690,0,4181,0,690,0,0,"NULL",1,"NULL","NULL","NULL",1,1,0,0,"NULL"
691,0,4168,0,691,0,0,"NULL",1,"NULL","NULL","NULL",1,1,0,0,"NULL"
692,0,4168,0,692,0,0,"NULL",1,"NULL","NULL","NULL",1,1,0,0,"NULL"
693,0,4168,0,693,0,0,"NULL",1,"NULL","NULL","NULL",1,1,0,0,"NULL"
694,0,4168,0,694,0,0,"NULL",1,"NULL","NULL","NULL",1,1,0,0,"NULL"
695,0,4181,0,695,0,0,"NULL",1,"NULL","NULL","NULL",1,1,0,0,"NULL"
696,0,4181,0,696,0,0,"NULL",1,"NULL","NULL","NULL",1,1,0,0,"NULL"
697,0,4181,0,697,0,0,"NULL",1,"NULL","NULL","NULL",1,1,0,0,"NULL"
698,0,4181,0,698,0,0,"NULL",1,"NULL","NULL","NULL",1,1,0,0,"NULL"
699,0,4181,0,699,0,0,"NULL",1,"NULL","NULL","NULL",1,1,0,0,"NULL"
700,0,4181,0,700,0,0,"NULL",1,"NULL","NULL","NULL",1,1,0,0,"NULL"
701,0,4181,0,701,0,0,"NULL",1,"NULL","NULL","NULL",1,1,0,0,"NULL"
702,0,4181,0,702,0,0,"NULL",1,"NULL","NULL","NULL",1,1,0,0,"NULL"
703,0,4181,0,703,0,0,"NULL",1,"NULL","NULL","NULL",1,1,0,0,"NULL"
704,0,4181,0,704,0,0,"NULL",1,"NULL","NULL","NULL",1,1,0,0,"NULL"
705,0,4181,0,705,0,0,"NULL",1,"NULL","NULL","NULL",1,1,0,0,"NULL"
706,0,4181,0,706,0,0,"NULL",1,"NULL","NULL","NULL",1,1,0,0,"NULL"
707,0,4181,0,707,0,0,"NULL",1,"NULL","NULL","NULL",1,1,0,0,"NULL"
708,0,4181,0,708,0,0,"NULL",1,"NULL","NULL","NULL",1,1,0,0,"NULL"
709,0,4181,0,709,0,0,"NULL",1,"NULL","NULL","NULL",1,1,0,0,"NULL"
710,0,4181,0,710,0,0,"NULL",1,"NULL","NULL","NULL",1,1,0,0,"NULL"
711,0,4181,0,711,0,0,"NULL",1,"NULL","NULL","NULL",1,1,0,0,"NULL"
712,0,4168,0,712,0,0,"NULL",1,"NULL","NULL","NULL",1,1,0,0,"NULL"
713,0,4168,0,713,0,0,"NULL",1,"NULL","NULL","NULL",1,1,0,0,"NULL"
714,0,4168,0,714,0,0,"NULL",1,"NULL","NULL","NULL",1,1,0,0,"NULL"
715,0,4168,0,715,0,0,"NULL",1,"NULL","NULL","NULL",1,1,0,0,"NULL"
716,0,4168,0,716,0,0,"NULL",1,"NULL","NULL","NULL",1,1,0,0,"NULL"
717,0,4168,0,717,0,0,"NULL",1,"NULL","NULL","NULL",1,1,0,0,"NULL"
718,0,4168,0,718,0,0,"NULL",1,"NULL","NULL","NULL",1,1,0,0,"NULL"
719,0,4168,0,719,0,0,"NULL",1,"NULL","NULL","NULL",1,1,0,0,"NULL"
720,0,4168,0,720,0,0,"NULL",1,"NULL","NULL","NULL",1,1,0,0,"NULL"
721,0,4168,0,721,0,0,"NULL",1,"NULL","NULL","NULL",1,1,0,0,"NULL"
722,0,4168,0,722,0,0,"NULL",1,"NULL","NULL","NULL",1,1,0,0,"NULL"
723,0,4168,0,723,0,0,"NULL",1,"NULL","NULL","NULL",1,1,0,0,"NULL"
724,0,4168,0,724,0,0,"NULL",1,"NULL","NULL","NULL",1,1,0,0,"NULL"
725,0,4168,0,725,0,0,"NULL",1,"NULL","NULL","NULL",1,1,0,0,"NULL"
726,0,4168,0,726,0,0,"NULL",1,"NULL","NULL","NULL",1,1,0,0,"NULL"
727,0,4168,0,727,0,0,"NULL",1,"NULL","NULL","NULL",1,1,0,0,"NULL"
728,0,4168,0,728,0,0,"NULL",1,"NULL","NULL","NULL",1,1,0,0,"NULL"
729,0,4081,0,729,0,0,"NULL",1,"NULL","NULL","NULL",1,1,0,0,"NULL"
730,0,4081,0,730,0,0,"NULL",1,"NULL","NULL","NULL",1,1,0,0,"NULL"
731,0,4081,0,731,0,0,"NULL",1,"NULL","NULL","NULL",1,1,0,0,"NULL"
732,0,4081,0,732,0,0,"NULL",1,"NULL","NULL","NULL",1,1,0,0,"NULL"
733,0,4081,0,733,0,0,"NULL",1,"NULL","NULL","NULL",1,1,0,0,"NULL"
734,0,4081,0,734,0,0,"NULL",1,"NULL","NULL","NULL",1,1,0,0,"NULL"
735,0,4081,0,735,0,0,"NULL",1,"NULL","NULL","NULL",1,1,0,0,"NULL"
736,0,4081,0,736,0,0,"NULL",1,"NULL","NULL","NULL",1,1,0,0,"NULL"
737,0,4081,0,737,0,0,"NULL",1,"NULL","NULL","NULL",1,1,0,0,"NULL"
738,0,4081,0,738,0,0,"NULL",1,"NULL","NULL","NULL",1,1,0,0,"NULL"
739,0,4081,0,739,0,0,"NULL",1,"NULL","NULL","NULL",1,1,0,0,"NULL"
740,0,4081,0,740,0,0,"NULL",1,"NULL","NULL","NULL",1,1,0,0,"NULL"
741,0,4081,0,741,0,0,"NULL",1,"NULL","NULL","NULL",1,1,0,0,"NULL"
742,0,4081,0,742,0,0,"NULL",1,"NULL","NULL","NULL",1,1,0,0,"NULL"
743,0,4081,0,743,0,0,"NULL",1,"NULL","NULL","NULL",1,1,0,0,"NULL"
744,0,4081,0,744,0,0,"NULL",1,"NULL","NULL","NULL",1,1,0,0,"NULL"
745,0,4081,0,745,0,0,"NULL",1,"NULL","NULL","NULL",1,1,0,0,"NULL"
746,0,4081,0,746,0,0,"NULL",1,"NULL","NULL","NULL",1,1,0,0,"NULL"
747,0,4081,0,747,0,0,"NULL",1,"NULL","NULL","NULL",1,1,0,0,"NULL"
748,0,4081,0,748,0,0,"NULL",1,"NULL","NULL","NULL",1,1,0,0,"NULL"
749,0,4081,0,749,0,0,"NULL",1,"NULL","NULL","NULL",1,1,0,0,"NULL"
750,0,4081,0,750,0,0,"NULL",1,"NULL","NULL","NULL",1,1,0,0,"NULL"
751,0,4081,0,751,0,0,"NULL",1,"NULL","NULL","NULL",1,1,0,0,"NULL"
752,0,4081,0,752,0,0,"NULL",1,"NULL","NULL","NULL",1,1,0,0,"NULL"
753,0,4081,0,753,0,0,"NULL",1,"NULL","NULL","NULL",1,1,0,0,"NULL"
754,0,4081,0,754,0,0,"NULL",1,"NULL","NULL","NULL",1,1,0,0,"NULL"
755,0,4081,0,755,0,0,"NULL",1,"NULL","NULL","NULL",1,1,0,0,"NULL"
756,0,4081,0,756,0,0,"NULL",1,"NULL","NULL","NULL",1,1,0,0,"NULL"
757,0,4081,0,757,0,0,"NULL",1,"NULL","NULL","NULL",1,1,0,0,"NULL"
758,0,4081,0,758,0,0,"NULL",1,"NULL","NULL","NULL",1,1,0,0,"NULL"
759,0,4081,0,759,0,0,"NULL",1,"NULL","NULL","NULL",1,1,0,0,"NULL"
760,0,4081,0,760,0,0,"NULL",1,"NULL","NULL","NULL",1,1,0,0,"NULL"
761,0,4081,0,761,0,0,"NULL",1,"NULL","NULL","NULL",1,1,0,0,"NULL"
762,0,4081,0,762,0,0,"NULL",1,"NULL","NULL","NULL",1,1,0,0,"NULL"
763,0,4004,0,763,0,0,"NULL",1,"NULL","NULL","NULL",1,1,0,0,"NULL"
764,0,4004,0,764,0,0,"NULL",1,"NULL","NULL","NULL",1,1,0,0,"NULL"
765,0,4004,0,765,0,0,"NULL",1,"NULL","NULL","NULL",1,1,0,0,"NULL"
766,0,4004,0,766,0,0,"NULL",1,"NULL","NULL","NULL",1,1,0,0,"NULL"
767,0,4004,0,767,0,0,"NULL",1,"NULL","NULL","NULL",1,1,0,0,"NULL"
768,0,4011,0,768,0,0,"NULL",1,"NULL","NULL","NULL",1,1,0,0,"NULL"
769,0,4011,0,769,0,0,"NULL",1,"NULL","NULL","NULL",1,1,0,0,"NULL"
770,0,4011,0,770,0,0,"NULL",1,"NULL","NULL","NULL",1,1,0,0,"NULL"
771,0,4011,0,771,0,0,"NULL",1,"NULL","NULL","NULL",1,1,0,0,"NULL"
772,0,4011,0,772,0,0,"NULL",1,"NULL","NULL","NULL",1,1,0,0,"NULL"
773,0,4011,0,773,0,0,"NULL",1,"NULL","NULL","NULL",1,1,0,0,"NULL"
774,0,4011,0,774,0,0,"NULL",1,"NULL","NULL","NULL",1,1,0,0,"NULL"
775,0,4011,0,775,0,0,"NULL",1,"NULL","NULL","NULL",1,1,0,0,"NULL"
776,0,4011,0,776,0,0,"NULL",1,"NULL","NULL","NULL",1,1,0,0,"NULL"
777,0,4011,0,777,0,0,"NULL",1,"NULL","NULL","NULL",1,1,0,0,"NULL"
778,0,4069,0,778,0,0,"NULL",1,"NULL","NULL","NULL",1,1,0,0,"NULL"
779,0,4069,0,779,0,0,"NULL",1,"NULL","NULL","NULL",1,1,0,0,"NULL"
780,0,4069,0,780,0,0,"NULL",1,"NULL","NULL","NULL",1,1,0,0,"NULL"
781,0,4069,0,781,0,0,"NULL",1,"NULL","NULL","NULL",1,1,0,0,"NULL"
782,0,4069,0,782,0,0,"NULL",1,"NULL","NULL","NULL",1,1,0,0,"NULL"
783,0,4069,0,783,0,0,"NULL",1,"NULL","NULL","NULL",1,1,0,0,"NULL"
784,0,4069,0,784,0,0,"NULL",1,"NULL","NULL","NULL",1,1,0,0,"NULL"
785,0,4069,0,785,0,0,"NULL",1,"NULL","NULL","NULL",1,1,0,0,"NULL"
786,0,4069,0,786,0,0,"NULL",1,"NULL","NULL","NULL",1,1,0,0,"NULL"
787,0,4069,0,787,0,0,"NULL",1,"NULL","NULL","NULL",1,1,0,0,"NULL"
788,0,4069,0,788,0,0,"NULL",1,"NULL","NULL","NULL",1,1,0,0,"NULL"
789,0,4069,0,789,0,0,"NULL",1,"NULL","NULL","NULL",1,1,0,0,"NULL"
790,0,4069,0,790,0,0,"NULL",1,"NULL","NULL","NULL",1,1,0,0,"NULL"
791,0,4069,0,791,0,0,"NULL",1,"NULL","NULL","NULL",1,1,0,0,"NULL"
792,0,4069,0,792,0,0,"NULL",1,"NULL","NULL","NULL",1,1,0,0,"NULL"
793,0,4069,0,793,0,0,"NULL",1,"NULL","NULL","NULL",1,1,0,0,"NULL"
794,0,4069,0,794,0,0,"NULL",1,"NULL","NULL","NULL",1,1,0,0,"NULL"
795,0,4069,0,795,0,0,"NULL",1,"NULL","NULL","NULL",1,1,0,0,"NULL"
796,0,4069,0,796,0,0,"NULL",1,"NULL","NULL","NULL",1,1,0,0,"NULL"
797,0,4069,0,797,0,0,"NULL",1,"NULL","NULL","NULL",1,1,0,0,"NULL"
798,0,4069,0,798,0,0,"NULL",1,"NULL","NULL","NULL",1,1,0,0,"NULL"
799,0,4069,0,799,0,0,"NULL",1,"NULL","NULL","NULL",1,1,0,0,"NULL"
800,0,4069,0,800,0,0,"NULL",1,"NULL","NULL","NULL",1,1,0,0,"NULL"
801,0,4069,0,801,0,0,"NULL",1,"NULL","NULL","NULL",1,1,0,0,"NULL"
802,0,4069,0,802,0,0,"NULL",1,"NULL","NULL","NULL",1,1,0,0,"NULL"
803,0,4069,0,803,0,0,"NULL",1,"NULL","NULL","NULL",1,1,0,0,"NULL"
804,0,4069,0,804,0,0,"NULL",1,"NULL","NULL","NULL",1,1,0,0,"NULL"
805,0,4069,0,805,0,0,"NULL",1,"NULL","NULL","NULL",1,1,0,0,"NULL"
806,0,4069,0,806,0,0,"NULL",1,"NULL","NULL","NULL",1,1,0,0,"NULL"
807,0,4069,0,807,0,0,"NULL",1,"NULL","NULL","NULL",1,1,0,0,"NULL"
808,0,4069,0,808,0,0,"NULL",1,"NULL","NULL","NULL",1,1,0,0,"NULL"
809,0,4069,0,809,0,0,"NULL",1,"NULL","NULL","NULL",1,1,0,0,"NULL"
810,0,4069,0,810,0,0,"NULL",1,"NULL","NULL","NULL",1,1,0,0,"NULL"
811,0,4069,0,811,0,0,"NULL",1,"NULL","NULL","NULL",1,1,0,0,"NULL"
812,0,4069,0,812,0,0,"NULL",1,"NULL","NULL","NULL",1,1,0,0,"NULL"
813,0,4069,0,813,0,0,"NULL",1,"NULL","NULL","NULL",1,1,0,0,"NULL"
814,0,4069,0,814,0,0,"NULL",1,"NULL","NULL","NULL",1,1,0,0,"NULL"
815,0,4069,0,815,0,0,"NULL",1,"NULL","NULL","NULL",1,1,0,0,"NULL"
816,0,4069,0,816,0,0,"NULL",1,"NULL","NULL","NULL",1,1,0,0,"NULL"
817,0,4069,0,817,0,0,"NULL",1,"NULL","NULL","NULL",1,1,0,0,"NULL"
818,0,4069,0,818,0,0,"NULL",1,"NULL","NULL","NULL",1,1,0,0,"NULL"
819,0,4069,0,819,0,0,"NULL",1,"NULL","NULL","NULL",1,1,0,0,"NULL"
820,0,4069,0,820,0,0,"NULL",1,"NULL","NULL","NULL",1,1,0,0,"NULL"
821,0,4069,0,821,0,0,"NULL",1,"NULL","NULL","NULL",1,1,0,0,"NULL"
822,0,4069,0,822,0,0,"NULL",1,"NULL","NULL","NULL",1,1,0,0,"NULL"
823,0,4069,0,823,0,0,"NULL",1,"NULL","NULL","NULL",1,1,0,0,"NULL"
824,0,4069,0,824,0,0,"NULL",1,"NULL","NULL","NULL",1,1,0,0,"NULL"
825,0,4069,0,825,0,0,"NULL",1,"NULL","NULL","NULL",1,1,0,0,"NULL"
826,0,4069,0,826,0,0,"NULL",1,"NULL","NULL","NULL",1,1,0,0,"NULL"
827,0,4069,0,827,0,0,"NULL",1,"NULL","NULL","NULL",1,1,0,0,"NULL"
828,0,4069,0,828,0,0,"NULL",1,"NULL","NULL","NULL",1,1,0,0,"NULL"
829,0,4069,0,829,0,0,"NULL",1,"NULL","NULL","NULL",1,1,0,0,"NULL"
830,0,4069,0,830,0,0,"NULL",1,"NULL","NULL","NULL",1,1,0,0,"NULL"
831,0,4069,0,831,0,0,"NULL",1,"NULL","NULL","NULL",1,1,0,0,"NULL"
832,0,4069,0,832,0,0,"NULL",1,"NULL","NULL","NULL",1,1,0,0,"NULL"
833,0,4069,0,833,0,0,"NULL",1,"NULL","NULL","NULL",1,1,0,0,"NULL"
834,0,4069,0,834,0,0,"NULL",1,"NULL","NULL","NULL",1,1,0,0,"NULL"
835,0,4069,0,835,0,0,"NULL",1,"NULL","NULL","NULL",1,1,0,0,"NULL"
836,0,4069,0,836,0,0,"NULL",1,"NULL","NULL","NULL",1,1,0,0,"NULL"
837,0,4069,0,837,0,0,"NULL",1,"NULL","NULL","NULL",1,1,0,0,"NULL"
838,0,4069,0,838,0,0,"NULL",1,"NULL","NULL","NULL",1,1,0,0,"NULL"
839,0,4069,0,839,0,0,"NULL",1,"NULL","NULL","NULL",1,1,0,0,"NULL"
840,0,4069,0,840,0,0,"NULL",1,"NULL","NULL","NULL",1,1,0,0,"NULL"
841,0,4069,0,841,0,0,"NULL",1,"NULL","NULL","NULL",1,1,0,0,"NULL"
842,0,4069,0,842,0,0,"NULL",1,"NULL","NULL","NULL",1,1,0,0,"NULL"
843,0,4069,0,843,0,0,"NULL",1,"NULL","NULL","NULL",1,1,0,0,"NULL"
844,0,4069,0,844,0,0,"NULL",1,"NULL","NULL","NULL",1,1,0,0,"NULL"
845,0,4069,0,845,0,0,"NULL",1,"NULL","NULL","NULL",1,1,0,0,"NULL"
846,0,4146,0,846,0,0,"NULL",1,"NULL","NULL","NULL",1,1,0,0,"NULL"
847,0,4146,0,847,0,0,"NULL",1,"NULL","NULL","NULL",1,1,0,0,"NULL"
848,0,4146,0,848,0,0,"NULL",1,"NULL","NULL","NULL",1,1,0,0,"NULL"
849,0,4146,0,849,0,0,"NULL",1,"NULL","NULL","NULL",1,1,0,0,"NULL"
850,0,4146,0,850,0,0,"NULL",1,"NULL","NULL","NULL",1,1,0,0,"NULL"
851,0,4146,0,851,0,0,"NULL",1,"NULL","NULL","NULL",1,1,0,0,"NULL"
852,0,4146,0,852,0,0,"NULL",1,"NULL","NULL","NULL",1,1,0,0,"NULL"
853,0,4146,0,853,0,0,"NULL",1,"NULL","NULL","NULL",1,1,0,0,"NULL"
854,0,4146,0,854,0,0,"NULL",1,"NULL","NULL","NULL",1,1,0,0,"NULL"
855,0,4146,0,855,0,0,"NULL",1,"NULL","NULL","NULL",1,1,0,0,"NULL"
856,0,4146,0,856,0,0,"NULL",1,"NULL","NULL","NULL",1,1,0,0,"NULL"
857,0,4146,0,857,0,0,"NULL",1,"NULL","NULL","NULL",1,1,0,0,"NULL"
858,0,4146,0,858,0,0,"NULL",1,"NULL","NULL","NULL",1,1,0,0,"NULL"
859,0,4146,0,859,0,0,"NULL",1,"NULL","NULL","NULL",1,1,0,0,"NULL"
860,0,4146,0,860,0,0,"NULL",1,"NULL","NULL","NULL",1,1,0,0,"NULL"
861,0,4146,0,861,0,0,"NULL",1,"NULL","NULL","NULL",1,1,0,0,"NULL"
862,0,4146,0,862,0,0,"NULL",1,"NULL","NULL","NULL",1,1,0,0,"NULL"
863,0,4146,0,863,0,0,"NULL",1,"NULL","NULL","NULL",1,1,0,0,"NULL"
864,0,4146,0,864,0,0,"NULL",1,"NULL","NULL","NULL",1,1,0,0,"NULL"
865,0,4146,0,865,0,0,"NULL",1,"NULL","NULL","NULL",1,1,0,0,"NULL"
866,0,4146,0,866,0,0,"NULL",1,"NULL","NULL","NULL",1,1,0,0,"NULL"
867,0,4146,0,867,0,0,"NULL",1,"NULL","NULL","NULL",1,1,0,0,"NULL"
868,0,4146,0,868,0,0,"NULL",1,"NULL","NULL","NULL",1,1,0,0,"NULL"
869,0,4146,0,869,0,0,"NULL",1,"NULL","NULL","NULL",1,1,0,0,"NULL"
870,0,4146,0,870,0,0,"NULL",1,"NULL","NULL","NULL",1,1,0,0,"NULL"
871,0,4146,0,871,0,0,"NULL",1,"NULL","NULL","NULL",1,1,0,0,"NULL"
872,0,4146,0,872,0,0,"NULL",1,"NULL","NULL","NULL",1,1,0,0,"NULL"
873,0,4146,0,873,0,0,"NULL",1,"NULL","NULL","NULL",1,1,0,0,"NULL"
874,0,4146,0,874,0,0,"NULL",1,"NULL","NULL","NULL",1,1,0,0,"NULL"
875,0,4146,0,875,0,0,"NULL",1,"NULL","NULL","NULL",1,1,0,0,"NULL"
876,0,4015,0,876,0,0,"NULL",1,"NULL","NULL","NULL",1,1,0,0,"NULL"
877,0,4015,0,877,0,0,"NULL",1,"NULL","NULL","NULL",1,1,0,0,"NULL"
878,0,4015,0,878,0,0,"NULL",1,"NULL","NULL","NULL",1,1,0,0,"NULL"
879,0,4015,0,879,0,0,"NULL",1,"NULL","NULL","NULL",1,1,0,0,"NULL"
880,0,4015,0,880,0,0,"NULL",1,"NULL","NULL","NULL",1,1,0,0,"NULL"
881,0,4041,0,881,0,0,"NULL",1,"NULL","NULL","NULL",1,1,0,0,"NULL"
882,0,4041,0,882,0,0,"NULL",1,"NULL","NULL","NULL",1,1,0,0,"NULL"
883,0,4041,0,883,0,0,"NULL",1,"NULL","NULL","NULL",1,1,0,0,"NULL"
884,0,4041,0,884,0,0,"NULL",1,"NULL","NULL","NULL",1,1,0,0,"NULL"
885,0,4041,0,885,0,0,"NULL",1,"NULL","NULL","NULL",1,1,0,0,"NULL"
886,0,4041,0,886,0,0,"NULL",1,"NULL","NULL","NULL",1,1,0,0,"NULL"
887,0,4035,0,887,0,0,"NULL",1,"NULL","NULL","NULL",1,1,0,0,"NULL"
888,0,4035,0,888,0,0,"NULL",1,"NULL","NULL","NULL",1,1,0,0,"NULL"
889,0,4035,0,889,0,0,"NULL",1,"NULL","NULL","NULL",1,1,0,0,"NULL"
890,0,4035,0,890,0,0,"NULL",1,"NULL","NULL","NULL",1,1,0,0,"NULL"
891,0,4035,0,891,0,0,"NULL",1,"NULL","NULL","NULL",1,1,0,0,"NULL"
892,0,4035,0,892,0,0,"NULL",1,"NULL","NULL","NULL",1,1,0,0,"NULL"
893,0,4035,0,893,0,0,"NULL",1,"NULL","NULL","NULL",1,1,0,0,"NULL"
894,0,4035,0,894,0,0,"NULL",1,"NULL","NULL","NULL",1,1,0,0,"NULL"
895,0,4035,0,895,0,0,"NULL",1,"NULL","NULL","NULL",1,1,0,0,"NULL"
896,0,4035,0,896,0,0,"NULL",1,"NULL","NULL","NULL",1,1,0,0,"NULL"
897,0,4035,0,897,0,0,"NULL",1,"NULL","NULL","NULL",1,1,0,0,"NULL"
898,0,4035,0,898,0,0,"NULL",1,"NULL","NULL","NULL",1,1,0,0,"NULL"
899,0,4035,0,899,0,0,"NULL",1,"NULL","NULL","NULL",1,1,0,0,"NULL"
900,0,4035,0,900,0,0,"NULL",1,"NULL","NULL","NULL",1,1,0,0,"NULL"
901,0,4035,0,901,0,0,"NULL",1,"NULL","NULL","NULL",1,1,0,0,"NULL"
902,0,4035,0,902,0,0,"NULL",1,"NULL","NULL","NULL",1,1,0,0,"NULL"
903,0,4035,0,903,0,0,"NULL",1,"NULL","NULL","NULL",1,1,0,0,"NULL"
904,0,4035,0,904,0,0,"NULL",1,"NULL","NULL","NULL",1,1,0,0,"NULL"
905,0,4035,0,905,0,0,"NULL",1,"NULL","NULL","NULL",1,1,0,0,"NULL"
906,0,4035,0,906,0,0,"NULL",1,"NULL","NULL","NULL",1,1,0,0,"NULL"
907,0,4035,0,907,0,0,"NULL",1,"NULL","NULL","NULL",1,1,0,0,"NULL"
908,0,4035,0,908,0,0,"NULL",1,"NULL","NULL","NULL",1,1,0,0,"NULL"
909,0,5001,0,909,0,0,"NULL",1,"NULL","NULL","NULL",1,1,0,0,"NULL"
910,0,5001,0,910,0,0,"NULL",1,"NULL","NULL","NULL",1,1,0,0,"NULL"
911,0,5005,0,911,0,0,"NULL",1,"NULL","NULL","NULL",1,1,0,0,"NULL"
912,0,5005,0,912,0,0,"NULL",1,"NULL","NULL","NULL",1,1,0,0,"NULL"
913,0,6003,0,913,0,0,"NULL",1,"NULL","NULL","NULL",1,1,0,0,"NULL"
914,0,6003,0,914,0,0,"NULL",1,"NULL","NULL","NULL",1,1,0,0,"NULL"
915,0,6003,0,915,0,0,"NULL",1,"NULL","NULL","NULL",1,1,0,0,"NULL"
916,0,6003,0,916,0,0,"NULL",1,"NULL","NULL","NULL",1,1,0,0,"NULL"
917,0,6003,0,917,0,0,"NULL",1,"NULL","NULL","NULL",1,1,0,0,"NULL"
918,0,6003,0,918,0,0,"NULL",1,"NULL","NULL","NULL",1,1,0,0,"NULL"
919,0,6003,0,919,0,0,"NULL",1,"NULL","NULL","NULL",1,1,0,0,"NULL"
920,0,6003,0,920,0,0,"NULL",1,"NULL","NULL","NULL",1,1,0,0,"NULL"
921,0,6003,0,921,0,0,"NULL",1,"NULL","NULL","NULL",1,1,0,0,"NULL"
922,0,6003,0,922,0,0,"NULL",1,"NULL","NULL","NULL",1,1,0,0,"NULL"
923,0,6003,0,923,0,0,"NULL",1,"NULL","NULL","NULL",1,1,0,0,"NULL"
924,0,6003,0,924,0,0,"NULL",1,"NULL","NULL","NULL",1,1,0,0,"NULL"
925,0,6003,0,925,0,0,"NULL",1,"NULL","NULL","NULL",1,1,0,0,"NULL"
926,0,6003,0,926,0,0,"NULL",1,"NULL","NULL","NULL",1,1,0,0,"NULL"
927,0,6003,0,927,0,0,"NULL",1,"NULL","NULL","NULL",1,1,0,0,"NULL"
928,0,6008,0,928,0,0,"NULL",1,"NULL","NULL","NULL",1,1,0,0,"NULL"
929,0,6008,0,929,0,0,"NULL",1,"NULL","NULL","NULL",1,1,0,0,"NULL"
930,0,6008,0,930,0,0,"NULL",1,"NULL","NULL","NULL",1,1,0,0,"NULL"
931,0,6019,0,931,0,0,"NULL",1,"NULL","NULL","NULL",1,1,0,0,"NULL"
932,0,6019,0,932,0,0,"NULL",1,"NULL","NULL","NULL",1,1,0,0,"NULL"
933,0,6019,0,933,0,0,"NULL",1,"NULL","NULL","NULL",1,1,0,0,"NULL"
934,0,6017,0,934,0,0,"NULL",1,"NULL","NULL","NULL",1,1,0,0,"NULL"
935,0,6017,0,935,0,0,"NULL",1,"NULL","NULL","NULL",1,1,0,0,"NULL"
936,0,6017,0,936,0,0,"NULL",1,"NULL","NULL","NULL",1,1,0,0,"NULL"
937,0,6017,0,937,0,0,"NULL",1,"NULL","NULL","NULL",1,1,0,0,"NULL"
938,0,6017,0,938,0,0,"NULL",1,"NULL","NULL","NULL",1,1,0,0,"NULL"
939,0,6017,0,939,0,0,"NULL",1,"NULL","NULL","NULL",1,1,0,0,"NULL"
940,0,6017,0,940,0,0,"NULL",1,"NULL","NULL","NULL",1,1,0,0,"NULL"
941,0,6017,0,941,0,0,"NULL",1,"NULL","NULL","NULL",1,1,0,0,"NULL"
942,0,6017,0,942,0,0,"NULL",1,"NULL","NULL","NULL",1,1,0,0,"NULL"
943,0,6017,0,943,0,0,"NULL",1,"NULL","NULL","NULL",1,1,0,0,"NULL"
944,0,6017,0,944,0,0,"NULL",1,"NULL","NULL","NULL",1,1,0,0,"NULL"
945,0,6021,0,945,0,0,"NULL",1,"NULL","NULL","NULL",1,1,0,0,"NULL"
946,0,6021,0,946,0,0,"NULL",1,"NULL","NULL","NULL",1,1,0,0,"NULL"
947,0,6021,0,947,0,0,"NULL",1,"NULL","NULL","NULL",1,1,0,0,"NULL"
948,0,6021,0,948,0,0,"NULL",1,"NULL","NULL","NULL",1,1,0,0,"NULL"
949,0,6021,0,949,0,0,"NULL",1,"NULL","NULL","NULL",1,1,0,0,"NULL"
950,0,6021,0,950,0,0,"NULL",1,"NULL","NULL","NULL",1,1,0,0,"NULL"
951,0,6021,0,951,0,0,"NULL",1,"NULL","NULL","NULL",1,1,0,0,"NULL"
952,0,6021,0,952,0,0,"NULL",1,"NULL","NULL","NULL",1,1,0,0,"NULL"
